Autoridad Ambiental,Nombre de la estación,Latitud,Longitud,Ubicación,Departamento,Municipio,Tipo de Estación,Variable,Unidades,Tiempo Promedio,Promedio,Número de Excedencias,Representatividad Temporal,Porcentaje de excedencias,Mediana,Percentil 98,Máximo,Mínimo,Días con Excedencias
AMVA,BAR-HSVP,6.436,-75.333431,"(6.436, -75.333431)",ANTIOQUIA,BARBOSA,Fija,PM10,ugm3,24,26.8,0,103,0,25,50.5,60,10,0
AMVA,BAR-PDLA,6.409306,-75.417306,"(6.409306, -75.417306)",ANTIOQUIA,BARBOSA,Fija,O3,ugm3,1,32.5,6,97,0.07,24.9,87.4,146.1,0.2,5
AMVA,BAR-PDLA,6.409306,-75.417306,"(6.409306, -75.417306)",ANTIOQUIA,BARBOSA,Fija,O3,ugm3,8,32.5,96,97,1.13,29.8,76.2,112.1,0.8,29
AMVA,BEL-USBV,6.330697,-75.568669,"(6.330697, -75.568669)",ANTIOQUIA,BELLO,Fija,NO,ugm3,1,7.1,0,86,0,3.3,41.7,146.6,0,0
AMVA,BEL-USBV,6.330697,-75.568669,"(6.330697, -75.568669)",ANTIOQUIA,BELLO,Fija,NO2,ugm3,1,16.3,0,89,0,14,48.6,164.1,0,0
AMVA,BEL-USBV,6.330697,-75.568669,"(6.330697, -75.568669)",ANTIOQUIA,BELLO,Fija,NO2,ugm3,24,16.2,0,89,0,15.6,30.9,38.1,3.4,0
AMVA,BEL-USBV,6.330697,-75.568669,"(6.330697, -75.568669)",ANTIOQUIA,BELLO,Fija,O3,ugm3,1,29.9,39,91,0.49,22.6,88.2,243.9,0,26
AMVA,BEL-USBV,6.330697,-75.568669,"(6.330697, -75.568669)",ANTIOQUIA,BELLO,Fija,O3,ugm3,8,29.9,45,91,0.57,27.1,71.4,125.9,0.1,12
AMVA,BEL-USBV,6.330697,-75.568669,"(6.330697, -75.568669)",ANTIOQUIA,BELLO,Fija,PM10,ugm3,1,45.5,0,92,0,42,98.8,201,2,0
AMVA,BEL-USBV,6.330697,-75.568669,"(6.330697, -75.568669)",ANTIOQUIA,BELLO,Fija,PM10,ugm3,24,45.5,0,92,0,44,84.7,100,25,0
AMVA,CAL-LASA,6.101972,-75.641944,"(6.101972, -75.641944)",ANTIOQUIA,CALDAS,Fija,O3,ugm3,1,36.4,216,92,2.67,21.8,125.8,213.4,0,90
AMVA,CAL-LASA,6.101972,-75.641944,"(6.101972, -75.641944)",ANTIOQUIA,CALDAS,Fija,O3,ugm3,8,36.4,627,92,7.76,30.1,101,153.1,0.9,134
AMVA,CAL-LASA,6.101972,-75.641944,"(6.101972, -75.641944)",ANTIOQUIA,CALDAS,Fija,PM2.5,ugm3,1,29.8,0,90,0,27,73,152,1,0
AMVA,CAL-LASA,6.101972,-75.641944,"(6.101972, -75.641944)",ANTIOQUIA,CALDAS,Fija,PM2.5,ugm3,24,29.7,12,89,3.68,28,56,92,6,12
AMVA,CAL-PMER (S),6.094611,-75.638,"(6.094611, -75.638)",ANTIOQUIA,CALDAS,Fija,PM10,ugm3,24,45.1,0,93,0,45,66.2,89,20,0
AMVA,COP-HSMA,6.352639,-75.508139,"(6.352639, -75.508139)",ANTIOQUIA,COPACABANA,Fija,PM10,ugm3,24,30.2,0,93,0,29,59.9,70,7,0
AMVA,EST-MAGO,6.155111,-75.639167,"(6.155111, -75.639167)",ANTIOQUIA,LA ESTRELLA,Fija,PM10,ugm3,24,48.1,0,96,0,48,76.4,81,19,0
AMVA,EST-METR,6.1523,-75.6274,"(6.1523, -75.6274)",ANTIOQUIA,SABANETA,Fija,CO,mgm3,1,1.3,0,83,0,1.3,2.2,3.2,0,0
AMVA,EST-METR,6.1523,-75.6274,"(6.1523, -75.6274)",ANTIOQUIA,SABANETA,Fija,CO,mgm3,8,1.3,0,82,0,1.3,2,2.6,0.1,0
AMVA,EST-METR,6.1523,-75.6274,"(6.1523, -75.6274)",ANTIOQUIA,SABANETA,Fija,NO,ugm3,1,45.8,0,87,0,36.4,149.8,283.6,0.1,0
AMVA,EST-METR,6.1523,-75.6274,"(6.1523, -75.6274)",ANTIOQUIA,SABANETA,Fija,NO2,ugm3,1,30.8,0,90,0,28.4,72.2,123.7,0.2,0
AMVA,EST-METR,6.1523,-75.6274,"(6.1523, -75.6274)",ANTIOQUIA,SABANETA,Fija,NO2,ugm3,24,30.8,0,90,0,31.2,47.5,54.8,7.6,0
AMVA,EST-METR,6.1523,-75.6274,"(6.1523, -75.6274)",ANTIOQUIA,SABANETA,Fija,PM2.5,ugm3,1,51.1,0,90,0,49,103.2,172,1,0
AMVA,EST-METR,6.1523,-75.6274,"(6.1523, -75.6274)",ANTIOQUIA,SABANETA,Fija,PM2.5,ugm3,24,51.1,148,90,45.26,50,83,98,23,148
AMVA,Estacion_Secretaria,6.252719,-75.569683,"(6.252719, -75.569683)",ANTIOQUIA,MEDELLÍN,Indicativa,CO,mgm3,1,1.8,0,2,0,2.1,3.5,4.2,0.1,0
AMVA,Estacion_Secretaria,6.252719,-75.569683,"(6.252719, -75.569683)",ANTIOQUIA,MEDELLÍN,Indicativa,CO,mgm3,8,2,0,2,0,2.2,3,3,0.2,0
AMVA,Estacion_Secretaria,6.252719,-75.569683,"(6.252719, -75.569683)",ANTIOQUIA,MEDELLÍN,Indicativa,NO,ugm3,1,10.8,0,3,0,6.2,46,68.8,1.2,0
AMVA,Estacion_Secretaria,6.252719,-75.569683,"(6.252719, -75.569683)",ANTIOQUIA,MEDELLÍN,Indicativa,NO2,ugm3,1,21.8,0,3,0,20.7,45.6,58.3,1.9,0
AMVA,Estacion_Secretaria,6.252719,-75.569683,"(6.252719, -75.569683)",ANTIOQUIA,MEDELLÍN,Indicativa,NO2,ugm3,24,21.8,0,3,0,23.9,35.9,36.6,8.3,0
AMVA,Estacion_Secretaria,6.252719,-75.569683,"(6.252719, -75.569683)",ANTIOQUIA,MEDELLÍN,Indicativa,PM10,ugm3,1,38.9,0,4,0,37,70,92,10,0
AMVA,Estacion_Secretaria,6.252719,-75.569683,"(6.252719, -75.569683)",ANTIOQUIA,MEDELLÍN,Indicativa,PM10,ugm3,24,39.2,0,4,0,41,46,46,28,0
AMVA,Estacion_Secretaria,6.252719,-75.569683,"(6.252719, -75.569683)",ANTIOQUIA,MEDELLÍN,Indicativa,PM2.5,ugm3,1,21.5,0,4,0,21,44.8,80,4,0
AMVA,Estacion_Secretaria,6.252719,-75.569683,"(6.252719, -75.569683)",ANTIOQUIA,MEDELLÍN,Indicativa,PM2.5,ugm3,24,21.5,0,4,0,22,27.5,28,15,0
AMVA,GIR-IECO,6.378517,-75.443986,"(6.378517, -75.443986)",ANTIOQUIA,GIRARDOTA,Fija,PM10,ugm3,1,50.5,0,96,0,47,112,469,2,0
AMVA,GIR-IECO,6.378517,-75.443986,"(6.378517, -75.443986)",ANTIOQUIA,GIRARDOTA,Fija,PM10,ugm3,24,50.4,4,95,1.16,48,87.6,105,27,4
AMVA,GIR-SOSN,6.379,-75.4509,"(6.379, -75.4509)",ANTIOQUIA,GIRARDOTA,Fija,CO,mgm3,1,0.5,0,31,0,0.5,1.1,1.9,0.1,0
AMVA,GIR-SOSN,6.379,-75.4509,"(6.379, -75.4509)",ANTIOQUIA,GIRARDOTA,Fija,CO,mgm3,8,0.5,0,31,0,0.5,1,1.6,0.1,0
AMVA,GIR-SOSN,6.379,-75.4509,"(6.379, -75.4509)",ANTIOQUIA,GIRARDOTA,Fija,NO,ugm3,1,13.5,0,26,0,7.8,63.2,113.6,0.1,0
AMVA,GIR-SOSN,6.379,-75.4509,"(6.379, -75.4509)",ANTIOQUIA,GIRARDOTA,Fija,NO2,ugm3,1,19.7,0,26,0,18.1,52.6,107.4,0.2,0
AMVA,GIR-SOSN,6.379,-75.4509,"(6.379, -75.4509)",ANTIOQUIA,GIRARDOTA,Fija,NO2,ugm3,24,19.7,0,25,0,19.1,33.7,41.8,7.5,0
AMVA,GIR-SOSN,6.379,-75.4509,"(6.379, -75.4509)",ANTIOQUIA,GIRARDOTA,Fija,O3,ugm3,1,26,0,29,0,19.6,78.3,110.7,1.2,0
AMVA,GIR-SOSN,6.379,-75.4509,"(6.379, -75.4509)",ANTIOQUIA,GIRARDOTA,Fija,O3,ugm3,8,26,6,29,0.24,22.4,65.2,97.5,1.7,1
AMVA,GIR-SOSN,6.379,-75.4509,"(6.379, -75.4509)",ANTIOQUIA,GIRARDOTA,Fija,PM2.5,ugm3,1,20.8,0,28,0,19,48.8,83,1,0
AMVA,GIR-SOSN,6.379,-75.4509,"(6.379, -75.4509)",ANTIOQUIA,GIRARDOTA,Fija,PM2.5,ugm3,24,20.6,0,26,0,20,33,34,12,0
AMVA,GIR-SOSN,6.379,-75.4509,"(6.379, -75.4509)",ANTIOQUIA,GIRARDOTA,Fija,SO2,ugm3,1,22.1,0,30,0,15.7,87.7,353.3,5.2,0
AMVA,GIR-SOSN,6.379,-75.4509,"(6.379, -75.4509)",ANTIOQUIA,GIRARDOTA,Fija,SO2,ugm3,3,22,0,29,0,17.2,70.8,206.1,5.2,0
AMVA,GIR-SOSN,6.379,-75.4509,"(6.379, -75.4509)",ANTIOQUIA,GIRARDOTA,Fija,SO2,ugm3,24,22.1,0,29,0,22.2,40.3,44.1,6.9,0
AMVA,ITA-CJUS,6.188444,-75.600667,"(6.188444, -75.600667)",ANTIOQUIA,ITAGÜÍ,Fija,NO,ugm3,1,14.8,0,82,0,6.8,77.5,164.8,0,0
AMVA,ITA-CJUS,6.188444,-75.600667,"(6.188444, -75.600667)",ANTIOQUIA,ITAGÜÍ,Fija,NO2,ugm3,1,28.7,0,81,0,26.5,71.7,114.2,0,0
AMVA,ITA-CJUS,6.188444,-75.600667,"(6.188444, -75.600667)",ANTIOQUIA,ITAGÜÍ,Fija,NO2,ugm3,24,28.9,0,80,0,28.5,47.8,56,7.2,0
AMVA,ITA-CJUS,6.188444,-75.600667,"(6.188444, -75.600667)",ANTIOQUIA,ITAGÜÍ,Fija,PM2.5,ugm3,1,27.8,0,87,0,25,68,88,1,0
AMVA,ITA-CJUS,6.188444,-75.600667,"(6.188444, -75.600667)",ANTIOQUIA,ITAGÜÍ,Fija,PM2.5,ugm3,24,27.9,6,86,1.92,26,47.8,62,9,6
AMVA,ITA-CONC,6.17125,-75.647694,"(6.17125, -75.647694)",ANTIOQUIA,ITAGÜÍ,Fija,O3,ugm3,1,41.9,386,97,4.53,32.1,141.1,227.5,0.4,148
AMVA,ITA-CONC,6.17125,-75.647694,"(6.17125, -75.647694)",ANTIOQUIA,ITAGÜÍ,Fija,O3,ugm3,8,41.8,904,97,10.64,36.9,109,147.4,1.1,172
AMVA,ITA-CONC,6.17125,-75.647694,"(6.17125, -75.647694)",ANTIOQUIA,ITAGÜÍ,Fija,PM10,ugm3,1,49.4,0,94,0,45,108,128,4,0
AMVA,ITA-CONC,6.17125,-75.647694,"(6.17125, -75.647694)",ANTIOQUIA,ITAGÜÍ,Fija,PM10,ugm3,24,49.5,0,95,0,48,84.1,95,26,0
AMVA,ITA-CONC,6.17125,-75.647694,"(6.17125, -75.647694)",ANTIOQUIA,ITAGÜÍ,Fija,PM2.5,ugm3,1,24.1,0,95,0,22,58,98,1,0
AMVA,ITA-CONC,6.17125,-75.647694,"(6.17125, -75.647694)",ANTIOQUIA,ITAGÜÍ,Fija,PM2.5,ugm3,24,24,5,95,1.44,23,48.1,57,7,5
AMVA,ITA-CRSV,6.174472,-75.610278,"(6.174472, -75.610278)",ANTIOQUIA,ITAGÜÍ,Fija,PM10,ugm3,24,42.9,0,19,0,46,61.8,64,20,0
AMVA,ITA-CRSV,6.174472,-75.610278,"(6.174472, -75.610278)",ANTIOQUIA,ITAGÜÍ,Fija,PST,ugm3,24,65.1,0,95,0,67.5,103,110,30,0
AMVA,ITA-PTAR,6.193806,-75.59125,"(6.193806, -75.59125)",ANTIOQUIA,ITAGÜÍ,Fija,PM10,ugm3,24,41.9,0,98,0,43,66.6,77,13,0
AMVA,MED-CORA,6.252472,-75.586083,"(6.252472, -75.586083)",ANTIOQUIA,MEDELLÍN,Fija,PM10,ugm3,24,39.8,0,91,0,38,68.8,98,17,0
AMVA,MED-EXSA,6.249333,-75.57025,"(6.249333, -75.57025)",ANTIOQUIA,MEDELLÍN,Fija,PM10,ugm3,1,64.8,0,97,0,59,138,263,8,0
AMVA,MED-EXSA,6.249333,-75.57025,"(6.249333, -75.57025)",ANTIOQUIA,MEDELLÍN,Fija,PM10,ugm3,24,64.8,8,97,2.27,63,101,112,34,8
AMVA,MED-LAYE,6.1825,-75.5506,"(6.1825, -75.5506)",ANTIOQUIA,MEDELLÍN,Fija,O3,ugm3,1,34.4,69,27,2.91,20,127,215,1.6,36
AMVA,MED-LAYE,6.1825,-75.5506,"(6.1825, -75.5506)",ANTIOQUIA,MEDELLÍN,Fija,O3,ugm3,8,34.4,124,27,5.23,27.8,90.2,116.1,2.5,35
AMVA,MED-LAYE,6.1825,-75.5506,"(6.1825, -75.5506)",ANTIOQUIA,MEDELLÍN,Fija,PM2.5,ugm3,1,21,0,26,0,20,46,83,1,0
AMVA,MED-LAYE,6.1825,-75.5506,"(6.1825, -75.5506)",ANTIOQUIA,MEDELLÍN,Fija,PM2.5,ugm3,24,21.1,0,26,0,21,29.3,35,11,0
AMVA,MED-MANT,6.252639,-75.569833,"(6.252639, -75.569833)",ANTIOQUIA,MEDELLÍN,Fija,CO,mgm3,1,1.3,0,62,0,1.1,2.7,6.2,0.1,0
AMVA,MED-MANT,6.252639,-75.569833,"(6.252639, -75.569833)",ANTIOQUIA,MEDELLÍN,Fija,CO,mgm3,8,1.3,0,61,0,1.2,2.2,3.8,0.4,0
AMVA,MED-MIRA,6.229972,-75.549194,"(6.229972, -75.549194)",ANTIOQUIA,MEDELLÍN,Fija,PM10,ugm3,24,27.4,0,39,0,28,40.1,41,13,0
AMVA,MED-PJIC,6.211806,-75.581111,"(6.211806, -75.581111)",ANTIOQUIA,MEDELLÍN,Fija,NO,ugm3,1,40.4,0,93,0,26.1,152.6,292.4,0,0
AMVA,MED-PJIC,6.211806,-75.581111,"(6.211806, -75.581111)",ANTIOQUIA,MEDELLÍN,Fija,NO2,ugm3,1,49.7,2,96,0.02,46.8,103.1,258.5,5.4,1
AMVA,MED-PJIC,6.211806,-75.581111,"(6.211806, -75.581111)",ANTIOQUIA,MEDELLÍN,Fija,NO2,ugm3,24,49.8,0,95,0,50,71.9,93.1,16.6,0
AMVA,MED-PJIC,6.211806,-75.581111,"(6.211806, -75.581111)",ANTIOQUIA,MEDELLÍN,Fija,PM10,ugm3,1,47,0,57,0,44,102,210,1,0
AMVA,MED-PJIC,6.211806,-75.581111,"(6.211806, -75.581111)",ANTIOQUIA,MEDELLÍN,Fija,PM10,ugm3,24,47.1,0,57,0,46,75,88,23,0
AMVA,MED-PJIC,6.211806,-75.581111,"(6.211806, -75.581111)",ANTIOQUIA,MEDELLÍN,Fija,PM2.5,ugm3,1,30.1,0,64,0,28,70,75,1,0
AMVA,MED-PJIC,6.211806,-75.581111,"(6.211806, -75.581111)",ANTIOQUIA,MEDELLÍN,Fija,PM2.5,ugm3,24,29.4,12,65,5.06,28,56.3,63,9,12
AMVA,MED-PJIC (S),6.211806,-75.581111,"(6.211806, -75.581111)",ANTIOQUIA,MEDELLÍN,Fija,CO,mgm3,1,1.8,0,96,0,1.6,4,8.1,0.1,0
AMVA,MED-PJIC (S),6.211806,-75.581111,"(6.211806, -75.581111)",ANTIOQUIA,MEDELLÍN,Fija,CO,mgm3,8,1.8,0,96,0,1.7,3.2,4.6,0.5,0
AMVA,MED-PJIC (S),6.211806,-75.581111,"(6.211806, -75.581111)",ANTIOQUIA,MEDELLÍN,Fija,NO,ugm3,1,40.5,0,95,0,25.8,153.4,292.1,1.2,0
AMVA,MED-PJIC (S),6.211806,-75.581111,"(6.211806, -75.581111)",ANTIOQUIA,MEDELLÍN,Fija,PM10,ugm3,24,40.4,0,86,0,39,68.7,76,19,0
AMVA,MED-PJIC (S),6.211806,-75.581111,"(6.211806, -75.581111)",ANTIOQUIA,MEDELLÍN,Fija,PM2.5,ugm3,24,21.9,0,25,0,22,33,36,6,0
AMVA,MED-UDEM (S),6.2301841,-75.6099624,"(6.2301841, -75.6099624)",ANTIOQUIA,MEDELLÍN,Fija,O3,ugm3,1,27,43,80,0.62,18.5,95.9,197.5,0.2,30
AMVA,MED-UDEM (S),6.2301841,-75.6099624,"(6.2301841, -75.6099624)",ANTIOQUIA,MEDELLÍN,Fija,O3,ugm3,8,26.9,49,79,0.71,23.3,69.8,107.6,0.3,17
AMVA,MED-UNFM,6.274003,-75.592578,"(6.274003, -75.592578)",ANTIOQUIA,MEDELLÍN,Fija,NO,ugm3,1,34.2,0,84,0,20.4,152.4,261.4,0,0
AMVA,MED-UNFM,6.274003,-75.592578,"(6.274003, -75.592578)",ANTIOQUIA,MEDELLÍN,Fija,NO2,ugm3,1,37.8,1,97,0.01,32.3,100.4,238.2,0.1,1
AMVA,MED-UNFM,6.274003,-75.592578,"(6.274003, -75.592578)",ANTIOQUIA,MEDELLÍN,Fija,NO2,ugm3,24,37.8,0,97,0,36.7,59.5,80.6,17.2,0
AMVA,MED-UNFM,6.274003,-75.592578,"(6.274003, -75.592578)",ANTIOQUIA,MEDELLÍN,Fija,PM10,ugm3,1,55.4,0,90,0,47.2,142.8,175.5,0.1,0
AMVA,MED-UNFM,6.274003,-75.592578,"(6.274003, -75.592578)",ANTIOQUIA,MEDELLÍN,Fija,PM10,ugm3,24,55.3,0,88,0,53,86.6,99,28,0
AMVA,MED-UNFM (S),6.274003,-75.592578,"(6.274003, -75.592578)",ANTIOQUIA,MEDELLÍN,Fija,PM2.5,ugm3,24,26.4,1,96,0.85,25,44,51,12,1
AMVA,MED-UNNV,6.266139,-75.580222,"(6.266139, -75.580222)",ANTIOQUIA,MEDELLÍN,Fija,NO,ugm3,1,27.2,0,93,0,14.7,127.8,226.3,0,0
AMVA,MED-UNNV,6.266139,-75.580222,"(6.266139, -75.580222)",ANTIOQUIA,MEDELLÍN,Fija,NO2,ugm3,1,39.4,0,94,0,36.8,80.6,157.1,7,0
AMVA,MED-UNNV,6.266139,-75.580222,"(6.266139, -75.580222)",ANTIOQUIA,MEDELLÍN,Fija,NO2,ugm3,24,39.4,0,92,0,39.4,56.2,63.4,22.7,0
AMVA,MED-UNNV,6.266139,-75.580222,"(6.266139, -75.580222)",ANTIOQUIA,MEDELLÍN,Fija,O3,ugm3,1,22.1,43,95,0.51,13.9,85.2,232.5,0,30
AMVA,MED-UNNV,6.266139,-75.580222,"(6.266139, -75.580222)",ANTIOQUIA,MEDELLÍN,Fija,O3,ugm3,8,22.1,32,95,0.39,18.4,62.8,116.6,0.2,9
AMVA,MED-UNNV,6.266139,-75.580222,"(6.266139, -75.580222)",ANTIOQUIA,MEDELLÍN,Fija,PM2.5,ugm3,1,31.7,0,93,0,29,66,78,4,0
AMVA,MED-UNNV,6.266139,-75.580222,"(6.266139, -75.580222)",ANTIOQUIA,MEDELLÍN,Fija,PM2.5,ugm3,24,31.9,12,91,3.61,30.5,53.4,59,16,12
AMVA,MED-VIHE,6.256222,-75.558833,"(6.256222, -75.558833)",ANTIOQUIA,MEDELLÍN,Fija,O3,ugm3,1,33.3,58,47,1.39,22.6,110.3,263.4,1.6,30
AMVA,MED-VIHE,6.256222,-75.558833,"(6.256222, -75.558833)",ANTIOQUIA,MEDELLÍN,Fija,O3,ugm3,8,33.2,114,47,2.76,29.1,84.9,142.1,2.4,29
AMVA,MED-VIHE,6.256222,-75.558833,"(6.256222, -75.558833)",ANTIOQUIA,MEDELLÍN,Fija,PM10,ugm3,24,33.8,0,44,0,31.5,59,70,17,0
CAM,CAM Norte,2.9625,-75.297467,"(2.9625, -75.297467)",HUILA,NEIVA,Fija,PM10,ugm3,24,28.6,0,73,0,27.5,51.8,61,7,0
CAM,CORHUILA,2.930678,-75.265108,"(2.930678, -75.265108)",HUILA,NEIVA,Fija,PM10,ugm3,24,15.6,0,73,0,14,32,42,5,0
CAR,03 Soacha-Ladrillera Santafé,4.5763093,-74.21416596,"(4.5763093, -74.21416596)",CUNDINAMARCA,SOACHA,Fija,NO2,ugm3,24,13.2,0,76,0,13.2,30.1,33.8,1.9,0
CAR,03 Soacha-Ladrillera Santafé,4.5763093,-74.21416596,"(4.5763093, -74.21416596)",CUNDINAMARCA,SOACHA,Fija,PM10,ugm3,24,47.6,1,91,0.3,46,86.4,113,15,1
CAR,04 Soacha-Hospital,4.584585267,-74.21987793,"(4.584585267, -74.21987793)",CUNDINAMARCA,SOACHA,Fija,NO2,ugm3,24,3.9,0,39,0,4,6.6,6.7,0,0
CAR,04 Soacha-Hospital,4.584585267,-74.21987793,"(4.584585267, -74.21987793)",CUNDINAMARCA,SOACHA,Fija,PM10,ugm3,24,58,0,42,0,62,91,92,13,0
CAR,04 Soacha-Hospital,4.584585267,-74.21987793,"(4.584585267, -74.21987793)",CUNDINAMARCA,SOACHA,Fija,PST,ugm3,24,82.6,0,42,0,87,129,143,30,0
CAR,05 Sibaté-Los Sauces,4.525166711,-74.2435349,"(4.525166711, -74.2435349)",CUNDINAMARCA,SIBATÉ,Fija,PM10,ugm3,24,68.7,26,86,8.31,66,119.8,141,9,26
CAR,06 Mosquera-SENA,4.687882774,-74.22254747,"(4.687882774, -74.22254747)",CUNDINAMARCA,MOSQUERA,Fija,NO2,ugm3,24,5.9,0,77,0,5.8,11.8,12.3,0,0
CAR,06 Mosquera-SENA,4.687882774,-74.22254747,"(4.687882774, -74.22254747)",CUNDINAMARCA,MOSQUERA,Fija,PM10,ugm3,24,29.6,0,81,0,31,47,49,4,0
CAR,06 Mosquera-SENA,4.687882774,-74.22254747,"(4.687882774, -74.22254747)",CUNDINAMARCA,MOSQUERA,Fija,PST,ugm3,24,34.6,0,81,0,37,63,67,12,0
CAR,07 La Calera-Alcaldía,4.719539118,-73.96873782,"(4.719539118, -73.96873782)",CUNDINAMARCA,LA CALERA,Fija,NO2,ugm3,24,9.9,0,100,0,9.9,10.2,10.4,9.4,0
CAR,07 La Calera-Alcaldía,4.719539118,-73.96873782,"(4.719539118, -73.96873782)",CUNDINAMARCA,LA CALERA,Fija,PM10,ugm3,24,38.7,0,100,0,39,40,40,37,0
CAR,09 Nemocón-Patio Bonito,5.129058937,-73.89588519,"(5.129058937, -73.89588519)",CUNDINAMARCA,NEMOCÓN,Fija,NO2,ugm3,24,13.2,0,100,0,13.2,13.6,13.8,12.5,0
CAR,09 Nemocón-Patio Bonito,5.129058937,-73.89588519,"(5.129058937, -73.89588519)",CUNDINAMARCA,NEMOCÓN,Fija,PM10,ugm3,24,77.5,0,100,0,77,80,81,74,0
CAR,10 Zipaquirá-Emafez,5.010012989,-74.00274345,"(5.010012989, -74.00274345)",CUNDINAMARCA,ZIPAQUIRÁ,Fija,PM10,ugm3,24,40.4,0,100,0,38.5,69.5,79,16,0
CAR,11 Ráquira-Colegio,5.5374681,-73.63499965,"(5.5374681, -73.63499965)",BOYACÁ,RÁQUIRA,Fija,NO2,ugm3,24,14.1,0,89,0,14.1,14.7,14.7,13.4,0
CAR,11 Ráquira-Colegio,5.5374681,-73.63499965,"(5.5374681, -73.63499965)",BOYACÁ,RÁQUIRA,Fija,PM10,ugm3,24,81.3,0,89,0,81,83,84,79,0
CAR,12 Cogua-PTAR I,5.054945225,-73.97698601,"(5.054945225, -73.97698601)",CUNDINAMARCA,COGUA,Fija,PM10,ugm3,24,53,3,86,0.96,53,90.5,109,5,3
CAR,13 Cajicá-Manas,4.957911483,-74.01097625,"(4.957911483, -74.01097625)",CUNDINAMARCA,CAJICÁ,Fija,NO2,ugm3,24,9.9,0,97,0,9.9,10.3,10.4,9.3,0
CAR,13 Cajicá-Manas,4.957911483,-74.01097625,"(4.957911483, -74.01097625)",CUNDINAMARCA,CAJICÁ,Fija,PM10,ugm3,24,56.3,0,97,0,56,58,59,54,0
CAR,14 Funza-Sisben,4.716524889,-74.21171239,"(4.716524889, -74.21171239)",CUNDINAMARCA,FUNZA,Fija,NO2,ugm3,24,5.1,0,78,0,4.7,10.9,14.2,0.6,0
CAR,14 Funza-Sisben,4.716524889,-74.21171239,"(4.716524889, -74.21171239)",CUNDINAMARCA,FUNZA,Fija,PM10,ugm3,24,43.5,0,79,0,46.5,77,87,10,0
CAR,14 Funza-Sisben,4.716524889,-74.21171239,"(4.716524889, -74.21171239)",CUNDINAMARCA,FUNZA,Fija,PST,ugm3,24,50.7,0,79,0,61.5,106.3,109,6,0
CAR,15 Bogotá-Mochuelo,4.530213886,-74.14221714,"(4.530213886, -74.14221714)",CUNDINAMARCA,"BOGOTÁ, D.C.",Fija,NO2,ugm3,24,5.8,0,25,0,5.8,11.6,11.9,0.4,0
CAR,15 Bogotá-Mochuelo,4.530213886,-74.14221714,"(4.530213886, -74.14221714)",CUNDINAMARCA,"BOGOTÁ, D.C.",Fija,PM10,ugm3,24,53.5,0,25,0,55,93.2,94,9,0
CAR,16 Mosquera-Villa Deportiva,4.7026875,-74.23194172,"(4.7026875, -74.23194172)",CUNDINAMARCA,MOSQUERA,Fija,NO2,ugm3,24,3.7,0,78,0,4,7,7,1,0
CAR,16 Mosquera-Villa Deportiva,4.7026875,-74.23194172,"(4.7026875, -74.23194172)",CUNDINAMARCA,MOSQUERA,Fija,PM10,ugm3,24,28.8,0,87,0,26,66.1,81,10,0
CAR,16 Mosquera-Villa Deportiva,4.7026875,-74.23194172,"(4.7026875, -74.23194172)",CUNDINAMARCA,MOSQUERA,Fija,PST,ugm3,24,33.5,0,87,0,33,66.9,76,14,0
CAR,17 Madrid-PTAR I,4.724619444,-74.25440833,"(4.724619444, -74.25440833)",CUNDINAMARCA,MADRID,Fija,NO2,ugm3,24,8.2,0,72,0,8.5,14.5,14.7,0.1,0
CAR,17 Madrid-PTAR I,4.724619444,-74.25440833,"(4.724619444, -74.25440833)",CUNDINAMARCA,MADRID,Fija,PM10,ugm3,24,43.5,0,79,0,46.5,77,87,10,0
CAR,17 Madrid-PTAR I,4.724619444,-74.25440833,"(4.724619444, -74.25440833)",CUNDINAMARCA,MADRID,Fija,PST,ugm3,24,50.7,0,79,0,61.5,106.3,109,6,0
CAR,18 Sopó-Briceño,4.943088889,-73.96195833,"(4.943088889, -73.96195833)",CUNDINAMARCA,SOPÓ,Fija,NO2,ugm3,24,11.8,0,86,0,10.9,25,28.6,0.3,0
CAR,18 Sopó-Briceño,4.943088889,-73.96195833,"(4.943088889, -73.96195833)",CUNDINAMARCA,SOPÓ,Fija,PM10,ugm3,24,65.2,9,86,2.88,64,103.3,149,8,9
CAR,19 Tausa,5.187886111,-73.87971111,"(5.187886111, -73.87971111)",CUNDINAMARCA,TAUSA,Fija,NO2,ugm3,24,6.6,0,88,0,6.6,7.5,8.1,5.3,0
CAR,19 Tausa,5.187886111,-73.87971111,"(5.187886111, -73.87971111)",CUNDINAMARCA,TAUSA,Fija,PM10,ugm3,24,54.9,0,88,0,55,61,65,45,0
CARDER,Dosquebradas-Balalaika,4.831314,-75.680569,"(4.831314, -75.680569)",RISARALDA,DOSQUEBRADAS,Fija,PM10,ugm3,24,38.5,0,24,0,39,56.1,60,23,0
CARDER,La Virginia-Cuenca Río Risaralda,4.930789,-75.863733,"(4.930789, -75.863733)",RISARALDA,LA VIRGINIA,Fija,PM10,ugm3,24,23.2,0,24,0,22,44,47,12,0
CARDER,La Virginia-Cuenca Río Risaralda,4.930789,-75.863733,"(4.930789, -75.863733)",RISARALDA,LA VIRGINIA,Fija,PST,ugm3,24,35.1,0,34,0,37,56.6,59,16,0
CARDER,Pereira-CARDER,4.807208,-75.71925,"(4.807208, -75.71925)",RISARALDA,PEREIRA,Fija,PM10,ugm3,24,30,0,50,0,31,43,48,11,0
CARDER,Pereira-Centro Tradicional,4.818333,-75.698889,"(4.818333, -75.698889)",RISARALDA,PEREIRA,Fija,PM10,ugm3,24,30.2,0,27,0,30.5,47,52,9,0
CARDER,Santa Rosa de Cabal,4.863417,-75.630778,"(4.863417, -75.630778)",RISARALDA,SANTA ROSA DE CABAL,Fija,PM10,ugm3,24,37,0,25,0,36.5,56.9,62,16,0
CDMB,Cabecera,7.113131,-73.11047,"(7.113131, -73.11047)",SANTANDER,BUCARAMANGA,Fija,PM10,ugm3,1,41.3,0,61,0,39.5,90.2,145.2,0.1,0
CDMB,Cabecera,7.113131,-73.11047,"(7.113131, -73.11047)",SANTANDER,BUCARAMANGA,Fija,PM10,ugm3,24,41.2,0,60,0,44,68,73,9,0
CDMB,Centro,7.119263,-73.127055,"(7.119263, -73.127055)",SANTANDER,BUCARAMANGA,Fija,CO,mgm3,1,0.8,0,43,0,0.7,1.9,3.3,0.1,0
CDMB,Centro,7.119263,-73.127055,"(7.119263, -73.127055)",SANTANDER,BUCARAMANGA,Fija,CO,mgm3,8,0.8,0,44,0,0.8,1.1,1.3,0.3,0
CDMB,Centro,7.119263,-73.127055,"(7.119263, -73.127055)",SANTANDER,BUCARAMANGA,Fija,NO,ugm3,1,6.3,0,22,0,4,23.5,41.8,1.3,0
CDMB,Centro,7.119263,-73.127055,"(7.119263, -73.127055)",SANTANDER,BUCARAMANGA,Fija,NO2,ugm3,1,12.3,0,45,0,11.8,23,33.4,0.2,0
CDMB,Centro,7.119263,-73.127055,"(7.119263, -73.127055)",SANTANDER,BUCARAMANGA,Fija,NO2,ugm3,24,12.2,0,44,0,12.3,17.2,17.2,5.5,0
CDMB,Ciudadela,7.106365,-73.123611,"(7.106365, -73.123611)",SANTANDER,BUCARAMANGA,Fija,CO,mgm3,1,1.5,0,30,0,1.3,4,16.4,0.1,0
CDMB,Ciudadela,7.106365,-73.123611,"(7.106365, -73.123611)",SANTANDER,BUCARAMANGA,Fija,CO,mgm3,8,1.5,0,30,0,1.3,3.8,8.9,0.3,0
CDMB,Ciudadela,7.106365,-73.123611,"(7.106365, -73.123611)",SANTANDER,BUCARAMANGA,Fija,NO,ugm3,1,51.4,0,42,0,48.6,134.9,326.5,1.3,0
CDMB,Ciudadela,7.106365,-73.123611,"(7.106365, -73.123611)",SANTANDER,BUCARAMANGA,Fija,NO2,ugm3,1,34.9,0,42,0,35.6,62.5,86.8,0.2,0
CDMB,Ciudadela,7.106365,-73.123611,"(7.106365, -73.123611)",SANTANDER,BUCARAMANGA,Fija,NO2,ugm3,24,35.2,0,40,0,36.1,54,59.2,12.4,0
CDMB,Ciudadela,7.106365,-73.123611,"(7.106365, -73.123611)",SANTANDER,BUCARAMANGA,Fija,PM10,ugm3,1,48.1,0,20,0,41.8,91.9,165,4.4,0
CDMB,Ciudadela,7.106365,-73.123611,"(7.106365, -73.123611)",SANTANDER,BUCARAMANGA,Fija,PM10,ugm3,24,47.8,0,20,0,41,86.1,88,17,0
CDMB,Florida,7.070666,-73.106482,"(7.070666, -73.106482)",SANTANDER,FLORIDABLANCA,Fija,O3,ugm3,1,39.6,0,4,0,39.5,56.7,66.3,13,0
CDMB,Florida,7.070666,-73.106482,"(7.070666, -73.106482)",SANTANDER,FLORIDABLANCA,Fija,O3,ugm3,8,39.6,0,4,0,39.8,45.4,47.1,31.9,0
CDMB,Florida,7.070666,-73.106482,"(7.070666, -73.106482)",SANTANDER,FLORIDABLANCA,Fija,PM10,ugm3,1,44.7,0,9,0,24.9,165.3,208.4,0.1,0
CDMB,Florida,7.070666,-73.106482,"(7.070666, -73.106482)",SANTANDER,FLORIDABLANCA,Fija,PM10,ugm3,24,45,0,10,0,45,57.2,62,34,0
CORANTIOQUIA,Campaña Andes 2015,5.655,-75.877778,"(5.655, -75.877778)",ANTIOQUIA,ANDES,Indicativa,PM10,ugm3,24,38.2,0,7,0,33.5,60.5,61,22,0
CORANTIOQUIA,Campaña Angelópolis 2015,6.111389,-75.71,"(6.111389, -75.71)",ANTIOQUIA,ANGELÓPOLIS,Indicativa,PM10,ugm3,24,25,0,9,0,25,37.1,39,14,0
CORANTIOQUIA,Campaña Armenia 2015,6.155833,-75.786667,"(6.155833, -75.786667)",ANTIOQUIA,ARMENIA,Indicativa,PM10,ugm3,24,20,0,7,0,20,30.9,36,12,0
CORANTIOQUIA,Campaña Betulia 2015,6.113889,-75.983889,"(6.113889, -75.983889)",ANTIOQUIA,BETULIA,Indicativa,PM10,ugm3,24,38.2,0,7,0,38.5,51.7,54,20,0
CORANTIOQUIA,Campaña Condordia 2015,6.045556,-75.907778,"(6.045556, -75.907778)",ANTIOQUIA,CONCORDIA,Indicativa,PM10,ugm3,24,44.5,0,7,0,36,74.8,78,26,0
CORANTIOQUIA,Campaña Ebéjico 2015,6.326667,-75.768889,"(6.326667, -75.768889)",ANTIOQUIA,EBÉJICO,Indicativa,PM10,ugm3,24,38.6,0,8,0,33,69.8,72,22,0
CORANTIOQUIA,Campaña Heliconia 2015,6.206389,-75.733333,"(6.206389, -75.733333)",ANTIOQUIA,HELICONIA,Indicativa,PM10,ugm3,24,37,0,7,0,37,57.8,67,25,0
CORANTIOQUIA,Campaña Montebello 2015,5.945,-75.525556,"(5.945, -75.525556)",ANTIOQUIA,MONTEBELLO,Indicativa,PM10,ugm3,24,18.9,0,8,0,19,28.2,30,9,0
CORANTIOQUIA,Campaña Pueblorrico 2015,5.791667,-75.840833,"(5.791667, -75.840833)",ANTIOQUIA,PUEBLORRICO,Indicativa,PM10,ugm3,24,21.8,0,7,0,21,33,35,12,0
CORANTIOQUIA,Campaña Puerto Nare 2015,6.227778,-74.57,"(6.227778, -74.57)",ANTIOQUIA,PUERTO NARE,Indicativa,PM10,ugm3,24,26,0,7,0,23,58.4,61,18,0
CORANTIOQUIA,Campaña San Andrés de Cuerquia 2015,6.914167,-75.672222,"(6.914167, -75.672222)",ANTIOQUIA,SAN ANDRÉS DE CUERQUÍA,Indicativa,PM10,ugm3,24,30.3,0,2,0,32,34.9,35,24,0
CORANTIOQUIA,Campaña Santa Fe de Antioquia 2015,6.560278,-75.828611,"(6.560278, -75.828611)",ANTIOQUIA,SANTA FÉ DE ANTIOQUIA,Indicativa,PM10,ugm3,24,42.4,0,8,0,36,74.2,78,23,0
CORANTIOQUIA,Campaña Támesis 2015,5.662855,-75.712536,"(5.662855, -75.712536)",ANTIOQUIA,TÁMESIS,Indicativa,PM10,ugm3,24,26.5,0,6,0,27,34.6,37,20,0
CORANTIOQUIA,Campaña Valparaíso 2015,5.61635,-75.624486,"(5.61635, -75.624486)",ANTIOQUIA,VALPARAÍSO,Indicativa,PM10,ugm3,24,27.4,0,4,0,26,37.4,38,19,0
CORANTIOQUIA,Campaña Yondó 2015,7.0075,-73.908889,"(7.0075, -73.908889)",ANTIOQUIA,YONDÓ,Indicativa,PM10,ugm3,24,53.2,0,1,0,55,69.3,70,34,0
CORANTIOQUIA,Campaña Zaragoza 2015,7.491389,-74.868333,"(7.491389, -74.868333)",ANTIOQUIA,ZARAGOZA,Indicativa,PM10,ugm3,24,26.2,0,4,0,25,35.3,37,21,0
CORANTIOQUIA,Caucasia,7.992933,-75.198303,"(7.992933, -75.198303)",ANTIOQUIA,CAUCASIA,Fija,PM10,ugm3,24,29.1,0,48,0,28.5,49.5,59,12,0
CORANTIOQUIA,Envigado-IUE,6.159917,-75.581111,"(6.159917, -75.581111)",ANTIOQUIA,ENVIGADO,Fija,NO,ugm3,1,12,0,36,0,8.2,48.9,140,0.1,0
CORANTIOQUIA,Envigado-IUE,6.159917,-75.581111,"(6.159917, -75.581111)",ANTIOQUIA,ENVIGADO,Fija,NO2,ugm3,1,20.5,0,36,0,17.1,67.1,128.8,0,0
CORANTIOQUIA,Envigado-IUE,6.159917,-75.581111,"(6.159917, -75.581111)",ANTIOQUIA,ENVIGADO,Fija,NO2,ugm3,24,20.3,0,38,0,21,47.1,54,2.5,0
CORANTIOQUIA,Envigado-IUE,6.159917,-75.581111,"(6.159917, -75.581111)",ANTIOQUIA,ENVIGADO,Fija,O3,ugm3,1,36.2,150,50,3.43,25.1,135.6,246.8,0,58
CORANTIOQUIA,Envigado-IUE,6.159917,-75.581111,"(6.159917, -75.581111)",ANTIOQUIA,ENVIGADO,Fija,O3,ugm3,8,36.5,262,49,6.06,31.4,102.1,147.1,0.3,50
CORANTIOQUIA,Envigado-IUE,6.159917,-75.581111,"(6.159917, -75.581111)",ANTIOQUIA,ENVIGADO,Fija,PM2.5,ugm3,24,16.7,0,31,0,17,26.5,28,6,0
CORANTIOQUIA,Medellín-Altavista,6.222584,-75.628207,"(6.222584, -75.628207)",ANTIOQUIA,MEDELLÍN,Fija,PM10,ugm3,24,65.5,7,90,2.14,65,101,118,22,7
CORNARE,CORNARE,6.134167,-75.274581,"(6.134167, -75.274581)",ANTIOQUIA,SANTUARIO,Indicativa,PM10,ugm3,24,27.2,0,,0,27,38.7,41,13,0
CORNARE,Hospital Guarne,6.281944,-75.444722,"(6.281944, -75.444722)",ANTIOQUIA,GUARNE,Indicativa,PM10,ugm3,24,24.9,0,25,0,23,40,40,17,0
CORNARE,Rionegro-Imusa,6.18,-75.3675,"(6.18, -75.3675)",ANTIOQUIA,RIONEGRO,Indicativa,PM10,ugm3,24,30.2,0,24,0,28,48.9,50,16,0
CORNARE,UCO,6.149444,-75.366139,"(6.149444, -75.366139)",ANTIOQUIA,RIONEGRO,Indicativa,PM10,ugm3,24,20.3,0,25,0,17,37.4,38,11,0
CORPAMAG,Batallón,11.232561,-74.216608,"(11.232561, -74.216608)",MAGDALENA,SANTA MARTA,Fija,PST,ugm3,24,87.4,0,87,0,90.5,189.7,223,24,0
CORPAMAG,CAJAMAG,11.238926,-74.208911,"(11.238926, -74.208911)",MAGDALENA,SANTA MARTA,Fija,PST,ugm3,24,51.7,0,6,0,63,71.5,72,25,0
CORPAMAG,Centro Ejecutivo,11.239823,-74.211944,"(11.239823, -74.211944)",MAGDALENA,SANTA MARTA,Fija,PST,ugm3,24,84.4,0,94,0,86,168,196,19,0
CORPAMAG,Club Santa Marta,11.240446,-74.216389,"(11.240446, -74.216389)",MAGDALENA,SANTA MARTA,Fija,PM10,ugm3,24,44.8,3,79,3.12,40,107.3,132,5,3
CORPAMAG,Costa Verde,11.022095,-74.246364,"(11.022095, -74.246364)",Magdalena,Ciénaga,Fija,PM10,ugm3,24,44,2,74,2.22,44,101.8,120,10,2
CORPAMAG,Costa Verde,11.022095,-74.246364,"(11.022095, -74.246364)",Magdalena,Ciénaga,Fija,PST,ugm3,24,80.7,0,75,0,82,177.7,207,22,0
CORPAMAG,Don Jaca,11.098474,-74.218844,"(11.098474, -74.218844)",MAGDALENA,SANTA MARTA,Fija,PM10,ugm3,24,43.7,1,89,0.93,42.5,76,126,9,1
CORPAMAG,Don Jaca,11.098474,-74.218844,"(11.098474, -74.218844)",MAGDALENA,SANTA MARTA,Fija,PST,ugm3,24,87.8,0,83,0,92,190,194,25,0
CORPAMAG,INVEMAR,11.250804,-74.220514,"(11.250804, -74.220514)",MAGDALENA,SANTA MARTA,Fija,PST,ugm3,24,139,0,56,0,150.5,240.3,247,32,0
CORPAMAG,Molinos Santa Marta,11.19459,-74.193361,"(11.19459, -74.193361)",MAGDALENA,SANTA MARTA,Fija,PM10,ugm3,24,56.5,9,89,8.26,53,142.3,171,14,9
CORPAMAG,Zuana,11.140901,-74.226548,"(11.140901, -74.226548)",MAGDALENA,SANTA MARTA,Fija,PM10,ugm3,24,30.4,0,34,0,23,94.8,98,13,0
CORPOBOYACA,El Recreo,5.726544,-72.920647,"(5.726544, -72.920647)",BOYACÁ,SOGAMOSO,Fija,PM10,ugm3,1,33.5,0,82,0,28,100,261,1,0
CORPOBOYACA,El Recreo,5.726544,-72.920647,"(5.726544, -72.920647)",BOYACÁ,SOGAMOSO,Fija,PM10,ugm3,24,33.5,0,83,0,32,59,75,10,0
CORPOBOYACA,Hospital,5.713364,-72.931361,"(5.713364, -72.931361)",BOYACÁ,SOGAMOSO,Fija,PM10,ugm3,1,36.5,0,66,0,33,90,248,1,0
CORPOBOYACA,Hospital,5.713364,-72.931361,"(5.713364, -72.931361)",BOYACÁ,SOGAMOSO,Fija,PM10,ugm3,24,36.5,0,66,0,35,55.2,66,18,0
CORPOBOYACA,La Ramada,5.755403,-72.899867,"(5.755403, -72.899867)",BOYACÁ,SOGAMOSO,Fija,PM10,ugm3,1,48.7,0,49,0,45,121.9,245,1,0
CORPOBOYACA,La Ramada,5.755403,-72.899867,"(5.755403, -72.899867)",BOYACÁ,SOGAMOSO,Fija,PM10,ugm3,24,48.8,0,50,0,47,81.2,98,18,0
CORPOCALDAS,Liceo Isabel La Católica,5.068207,-75.511017,"(5.068207, -75.511017)",CALDAS,MANIZALES,Fija,PM10,ugm3,24,40.3,0,60,0,41,61.6,63,11,0
CORPOCALDAS,Liceo Isabel La Católica,5.068207,-75.511017,"(5.068207, -75.511017)",CALDAS,MANIZALES,Fija,PST,ugm3,24,83.1,0,57,0,86.5,117.9,128,39,0
CORPOCALDAS,Licorera,5.068541,-75.517201,"(5.068541, -75.517201)",CALDAS,MANIZALES,Fija,PM10,ugm3,24,26.6,0,61,0,23,52.6,57,10,0
CORPOCALDAS,Licorera,5.068541,-75.517201,"(5.068541, -75.517201)",CALDAS,MANIZALES,Fija,PM2.5,ugm3,24,18.9,0,32,0,17,36.2,40,5,0
CORPOCALDAS,Maltería,5.039227,-75.4282,"(5.039227, -75.4282)",CALDAS,MANIZALES,Fija,PST,ugm3,24,96.4,0,60,0,98,152,160,37,0
CORPOCALDAS,Milán,5.046763,-75.480285,"(5.046763, -75.480285)",CALDAS,MANIZALES,Fija,PM10,ugm3,24,33.6,0,59,0,35,51,54,10,0
CORPOCESAR,V1 Seminario,10.511086,-73.284464,"(10.511086, -73.284464)",Cesar,Valledupar,Fija,PM10,ugm3,24,21.4,0,93,0,20,41.8,48,4,0
CORPOCESAR,V4 Bomberos,10.468622,-73.257642,"(10.468622, -73.257642)",Cesar,Valledupar,Fija,PM10,ugm3,24,47.9,0,93,0,46,83.8,99,15,0
CORPOCESAR,ZM01 La Loma Centro,9.614167,-73.604444,"(9.614167, -73.604444)",Cesar,El Paso,Fija,PM10,ugm3,24,47.6,2,85,1.92,46,95.5,116,8,2
CORPOCESAR,ZM01 La Loma Centro,9.614167,-73.604444,"(9.614167, -73.604444)",Cesar,El Paso,Fija,PM2.5,ugm3,24,17.4,0,91,0,17,39.2,44,6,0
CORPOCESAR,ZM01 La Loma Centro,9.614167,-73.604444,"(9.614167, -73.604444)",Cesar,El Paso,Fija,PST,ugm3,24,91.5,0,88,0,98,252.2,287,25,0
CORPOCESAR,ZM02 La Jagua Centro,9.559417,-73.329667,"(9.559417, -73.329667)",Cesar,La Jagua de Ibirico,Fija,PM10,ugm3,24,42.8,3,91,2.7,34,108.2,125,9,3
CORPOCESAR,ZM02 La Jagua Centro,9.559417,-73.329667,"(9.559417, -73.329667)",Cesar,La Jagua de Ibirico,Fija,PM2.5,ugm3,24,13.3,0,68,0,12,30,31,5,0
CORPOCESAR,ZM02 La Jagua Centro,9.559417,-73.329667,"(9.559417, -73.329667)",Cesar,La Jagua de Ibirico,Fija,PST,ugm3,24,100.7,0,95,0,103,265.9,282,29,0
CORPOCESAR,ZM03 La Loma 2,9.614,-73.589389,"(9.614, -73.589389)",Cesar,El Paso,Fija,PM10,ugm3,24,39.9,1,87,0.94,38,75.8,109,15,1
CORPOCESAR,ZM03 La Loma 2,9.614,-73.589389,"(9.614, -73.589389)",Cesar,El Paso,Fija,PST,ugm3,24,81.5,0,90,0,84.5,198.6,235,25,0
CORPOCESAR,ZM04 La Palmita,9.504139,-73.405389,"(9.504139, -73.405389)",Cesar,La Jagua de Ibirico,Fija,PM10,ugm3,24,19.8,0,92,0,17,52.3,58,8,0
CORPOCESAR,ZM05 La Aurora,9.466028,-73.550833,"(9.466028, -73.550833)",CESAR,CHIRIGUANÁ,Fija,PM10,ugm3,24,49.2,5,92,4.46,41.5,110.1,196,14,5
CORPOCESAR,ZM05 La Aurora,9.466028,-73.550833,"(9.466028, -73.550833)",CESAR,CHIRIGUANÁ,Fija,PST,ugm3,24,74.7,1,86,0.95,71,228.5,332,17,1
CORPOCESAR,ZM06 Boquerón,9.631167,-73.422944,"(9.631167, -73.422944)",Cesar,La Jagua de Ibirico,Fija,PM10,ugm3,24,39,0,75,0,37,75,83,17,0
CORPOCESAR,ZM06 Boquerón,9.631167,-73.422944,"(9.631167, -73.422944)",Cesar,La Jagua de Ibirico,Fija,PST,ugm3,24,87.2,0,88,0,92,167.8,194,27,0
CORPOCESAR,ZM07 Plan Bonito,9.640611,-73.497889,"(9.640611, -73.497889)",Cesar,El Paso,Fija,PM10,ugm3,24,63.8,17,89,15.6,59,128,137,18,17
CORPOCESAR,ZM07 Plan Bonito,9.640611,-73.497889,"(9.640611, -73.497889)",Cesar,El Paso,Fija,PM2.5,ugm3,24,34.1,17,81,17.17,28,86.1,92,7,17
CORPOCESAR,ZM07 Plan Bonito,9.640611,-73.497889,"(9.640611, -73.497889)",Cesar,El Paso,Fija,PST,ugm3,24,97.2,0,91,0,94,226,242,34,0
CORPOCESAR,ZM09 La Jagua Vía,9.565528,-73.332639,"(9.565528, -73.332639)",Cesar,La Jagua de Ibirico,Fija,PM10,ugm3,24,66.6,7,80,7.22,66,116.1,141,18,7
CORPOCESAR,ZM09 La Jagua Vía,9.565528,-73.332639,"(9.565528, -73.332639)",Cesar,La Jagua de Ibirico,Fija,PM2.5,ugm3,24,17.1,0,48,0,17,27.7,30,5,0
CORPOCESAR,ZM09 La Jagua Vía,9.565528,-73.332639,"(9.565528, -73.332639)",Cesar,La Jagua de Ibirico,Fija,PST,ugm3,24,145.8,2,79,2.08,150.5,294,338,63,2
CORPOCESAR,ZM12 Rincón Hondo,9.393972,-73.490083,"(9.393972, -73.490083)",CESAR,CHIRIGUANÁ,Fija,PM10,ugm3,24,36.9,1,84,0.97,31,77.9,110,3,1
CORPOCESAR,ZM12 Rincón Hondo,9.393972,-73.490083,"(9.393972, -73.490083)",CESAR,CHIRIGUANÁ,Fija,PST,ugm3,24,71.8,1,91,0.9,74,189.6,302,26,1
CORPOCESAR,ZM13 El Hatillo,9.64875,-73.570028,"(9.64875, -73.570028)",Cesar,El Paso,Fija,PM10,ugm3,24,57.7,6,68,7.23,55,116.7,118,18,6
CORPOCESAR,ZM13 El Hatillo,9.64875,-73.570028,"(9.64875, -73.570028)",Cesar,El Paso,Fija,PST,ugm3,24,96.9,0,90,0,95.5,270.3,291,22,0
CORPOCESAR,ZM15 Chiriguaná,9.363639,-73.607083,"(9.363639, -73.607083)",CESAR,CHIRIGUANÁ,Fija,PM10,ugm3,24,38.4,0,96,0,37,71,80,8,0
CORPOCESAR,ZM19 Becerril,9.702167,-73.279222,"(9.702167, -73.279222)",Cesar,Becerrill,Fija,PM10,ugm3,24,49,0,93,0,49,85.5,88,15,0
CORPOCESAR,ZM20 Costa Hermosa,9.623667,-73.586389,"(9.623667, -73.586389)",Cesar,El Paso,Fija,PM10,ugm3,24,69.1,8,67,9.76,65,129.7,144,19,8
CORPOCESAR,ZM21 La Victoria,9.590306,-73.237639,"(9.590306, -73.237639)",Cesar,La Jagua de Ibirico,Fija,PM10,ugm3,24,37,0,97,0,33.5,80.6,94,6,0
CORPOCESAR,ZM22 Casacará,9.831778,-73.299361,"(9.831778, -73.299361)",Cesar,Agustín Codazzi,Fija,PM10,ugm3,24,31.2,0,81,0,29,62.1,74,4,0
CORPOCESAR,ZM22 Casacará,9.831778,-73.299361,"(9.831778, -73.299361)",Cesar,Agustín Codazzi,Fija,PM2.5,ugm3,24,16.6,0,90,0,15.5,31.8,45,5,0
CORPOCESAR,ZM22 Casacará,9.831778,-73.299361,"(9.831778, -73.299361)",Cesar,Agustín Codazzi,Fija,PST,ugm3,24,42.8,0,75,0,43,84.5,92,16,0
CORPOGUAJIRA,Albania,11.157528,-72.588333,"(11.157528, -72.588333)",La Guajira,Albania,Fija,PM10,ugm3,24,44.4,2,91,1.8,39,99.4,107,10,2
CORPOGUAJIRA,Barrancas,10.961139,-72.778194,"(10.961139, -72.778194)",La Guajira,Barrancas,Fija,PM10,ugm3,24,41.8,0,90,0,38,86.1,96,9,0
CORPOGUAJIRA,Barrancas,10.961139,-72.778194,"(10.961139, -72.778194)",La Guajira,Barrancas,Fija,PST,ugm3,24,91.8,0,90,0,94,162.6,180,24,0
CORPOGUAJIRA,Cañaverales,10.758583,-72.843306,"(10.758583, -72.843306)",La Guajira,San Juan del Cesar,Fija,PM10,ugm3,24,56.9,1,42,1.96,53,96,105,26,1
CORPOGUAJIRA,Conejo,10.782556,-72.796139,"(10.782556, -72.796139)",La Guajira,Fonseca,Fija,PM10,ugm3,24,34.7,0,92,0,30,66.8,84,12,0
CORPOGUAJIRA,Cuestecitas,11.182,-72.608167,"(11.182, -72.608167)",La Guajira,Albania,Fija,PM10,ugm3,24,39.2,0,92,0,34,82.8,89,15,0
CORPOGUAJIRA,Cuestecitas,11.182,-72.608167,"(11.182, -72.608167)",La Guajira,Albania,Fija,PST,ugm3,24,76.1,0,92,0,73,175.1,184,21,0
CORPOGUAJIRA,El Tablazo,10.720583,-72.888806,"(10.720583, -72.888806)",La Guajira,San Juan del Cesar,Fija,PM10,ugm3,24,40.3,0,61,0,40.5,73.1,77,10,0
CORPOGUAJIRA,Hatonuevo,11.063917,-72.76625,"(11.063917, -72.76625)",La Guajira,Hato Nuevo,Fija,PM10,ugm3,24,48.5,4,92,3.57,43,104.9,117,10,4
CORPOGUAJIRA,Las Casitas,10.949139,-72.742806,"(10.949139, -72.742806)",La Guajira,Barrancas,Fija,PM10,ugm3,24,51.4,2,90,1.82,48,97.5,130,12,2
CORPOGUAJIRA,Los Remedios,11.099333,-72.542028,"(11.099333, -72.542028)",La Guajira,Albania,Fija,PM10,ugm3,24,42.9,2,91,1.8,38,95,104,9,2
CORPOGUAJIRA,Pacharoca,10.93575,-72.806194,"(10.93575, -72.806194)",La Guajira,Barrancas,Fija,PM10,ugm3,24,41,1,92,0.89,37,85.8,106,9,1
CORPOGUAJIRA,Pacharoca,10.93575,-72.806194,"(10.93575, -72.806194)",La Guajira,Barrancas,Fija,PST,ugm3,24,84.2,0,92,0,89.5,152.8,192,25,0
CORPOGUAJIRA,Papayal,10.995389,-72.774,"(10.995389, -72.774)",La Guajira,Barrancas,Fija,PM10,ugm3,24,42.3,1,91,0.9,37,88.8,116,13,1
CORPOGUAJIRA,Provincial,11.024,-72.737556,"(11.024, -72.737556)",La Guajira,Barrancas,Fija,PM10,ugm3,24,47.4,2,92,1.79,44,84,107,14,2
CORPOGUAJIRA,Sitio Nuevo,10.791083,-72.882028,"(10.791083, -72.882028)",La Guajira,Fonseca,Fija,PM10,ugm3,24,42.2,0,60,0,41,71.1,73,8,0
CORPONARIÑO,IDSN,1.216489,-77.282944,"(1.216489, -77.282944)",NARIÑO,PASTO,Fija,PM2.5,ugm3,24,8.6,1,75,1.09,7,31,63,1,1
CORPONARIÑO,Unimar,1.223796,-77.283628,"(1.223796, -77.283628)",NARIÑO,PASTO,Fija,PM10,ugm3,24,20,0,98,0,19,32,97,5,0
CORPONOR,Cinera,7.888924,-72.505463,"(7.888924, -72.505463)",NORTE DE SANTANDER,CÚCUTA,Fija,PM10,ugm3,24,56.1,0,63,0,56,70,72,36,0
CORPONOR,Panamericano,7.937183,-72.503775,"(7.937183, -72.503775)",NORTE DE SANTANDER,CÚCUTA,Fija,PM10,ugm3,24,66.4,0,63,0,67,84,85,42,0
CORPONOR,SENA,7.902922,-72.507232,"(7.902922, -72.507232)",NORTE DE SANTANDER,CÚCUTA,Fija,PM10,ugm3,24,63.2,0,70,0,63,81,84,42,0
CORTOLIMA,CORTOLIMA,4.433181,-75.211139,"(4.433181, -75.211139)",TOLIMA,IBAGUÉ,Fija,PM10,ugm3,24,32.9,0,93,0,31,60.8,79,22,0
CRC,Caloto,3.034072,-76.408487,"(3.034072, -76.408487)",CAUCA,CALOTO,Indicativa,O3,ugm3,1,39.9,0,1,0,36.1,100,103.9,6.5,0
CRC,Caloto,3.034072,-76.408487,"(3.034072, -76.408487)",CAUCA,CALOTO,Indicativa,O3,ugm3,8,41.2,3,0,6.98,36.4,84.9,85.3,9.8,1
CRC,Caloto,3.034072,-76.408487,"(3.034072, -76.408487)",CAUCA,CALOTO,Indicativa,PM10,ugm3,1,48.8,0,2,0,42,137.5,303.2,7.6,0
CRC,Caloto,3.034072,-76.408487,"(3.034072, -76.408487)",CAUCA,CALOTO,Indicativa,PM10,ugm3,24,49,0,2,0,49,62.7,64,39,0
CRC,Edificio Edgar Negret,2.445161,-76.605444,"(2.445161, -76.605444)",CAUCA,POPAYÁN,Fija,O3,ugm3,1,21.9,0,2,0,21.2,48.2,53.7,0.2,0
CRC,Edificio Edgar Negret,2.445161,-76.605444,"(2.445161, -76.605444)",CAUCA,POPAYÁN,Fija,O3,ugm3,8,21.1,0,1,0,19.8,41.8,44.3,0.7,0
CRC,Edificio Edgar Negret,2.445161,-76.605444,"(2.445161, -76.605444)",CAUCA,POPAYÁN,Fija,PM10,ugm3,1,22.3,0,2,0,16.6,81.6,89.3,0.7,0
CRC,Edificio Edgar Negret,2.445161,-76.605444,"(2.445161, -76.605444)",CAUCA,POPAYÁN,Fija,PM10,ugm3,24,22.3,0,2,0,20,39.2,41,12,0
CRC,Guachené,3.133001,-76.392256,"(3.133001, -76.392256)",CAUCA,GUACHENÉ,Indicativa,O3,ugm3,1,46.9,2,2,1.29,32.4,102.9,135,9.7,1
CRC,Guachené,3.133001,-76.392256,"(3.133001, -76.392256)",CAUCA,GUACHENÉ,Indicativa,O3,ugm3,8,47.4,16,2,10.6,44.4,92.1,99,14.8,5
CRC,Guachené,3.133001,-76.392256,"(3.133001, -76.392256)",CAUCA,GUACHENÉ,Indicativa,PM10,ugm3,1,87.1,0,2,0,77.7,213.4,247.4,9,0
CRC,Guachené,3.133001,-76.392256,"(3.133001, -76.392256)",CAUCA,GUACHENÉ,Indicativa,PM10,ugm3,24,87.4,0,2,0,89,96,96,76,0
CRC,Miranda,3.250979,-76.22907,"(3.250979, -76.22907)",CAUCA,MIRANDA,Indicativa,O3,ugm3,1,65.6,9,2,5.36,56.4,126.4,126.7,20.5,3
CRC,Miranda,3.250979,-76.22907,"(3.250979, -76.22907)",CAUCA,MIRANDA,Indicativa,O3,ugm3,8,65.8,49,2,29.7,61.6,111.5,114,29.4,7
CRC,Miranda,3.250979,-76.22907,"(3.250979, -76.22907)",CAUCA,MIRANDA,Indicativa,PM10,ugm3,1,46.8,0,2,0,41.1,119.9,224.3,10.8,0
CRC,Miranda,3.250979,-76.22907,"(3.250979, -76.22907)",CAUCA,MIRANDA,Indicativa,PM10,ugm3,24,46.7,0,2,0,43,53.9,54,42,0
CRC,Puerto Tejada,3.2299,-76.419262,"(3.2299, -76.419262)",CAUCA,PUERTO TEJADA,Indicativa,PM10,ugm3,1,95.3,0,2,0,98.7,157.9,214,19.6,0
CRC,Puerto Tejada,3.2299,-76.419262,"(3.2299, -76.419262)",CAUCA,PUERTO TEJADA,Indicativa,PM10,ugm3,24,95.9,1,2,14.29,96,108.6,110,83,1
CRC,Santander,3.005131,-76.481559,"(3.005131, -76.481559)",CAUCA,SANTANDER DE QUILICHAO,Indicativa,O3,ugm3,1,34.9,0,1,0,21.9,113.8,114.9,6.5,0
CRC,Santander,3.005131,-76.481559,"(3.005131, -76.481559)",CAUCA,SANTANDER DE QUILICHAO,Indicativa,O3,ugm3,8,37.4,1,0,2.5,32,80.5,82.3,9.6,1
CRC,Santander,3.005131,-76.481559,"(3.005131, -76.481559)",CAUCA,SANTANDER DE QUILICHAO,Indicativa,PM10,ugm3,1,67.6,0,5,0,61,182,270.2,11,0
CRC,Santander,3.005131,-76.481559,"(3.005131, -76.481559)",CAUCA,SANTANDER DE QUILICHAO,Indicativa,PM10,ugm3,24,68,0,5,0,68,96.8,99,37,0
CRC,Villa Rica,3.172729,-76.459048,"(3.172729, -76.459048)",CAUCA,VILLA RICA,Indicativa,PM10,ugm3,1,90.7,0,2,0,91.1,139.4,143.2,20.8,0
CRC,Villa Rica,3.172729,-76.459048,"(3.172729, -76.459048)",CAUCA,VILLA RICA,Indicativa,PM10,ugm3,24,91.3,1,2,14.29,92,100.5,101,81,1
CRQ,COMFENALCO,4.535556,-75.671111,"(4.535556, -75.671111)",QUINDÍO,ARMENIA,Fija,PM10,ugm3,24,25.4,0,86,0,25,33,39,16,0
CRQ,CRQ,4.556389,-75.661944,"(4.556389, -75.661944)",QUINDÍO,ARMENIA,Fija,PM10,ugm3,24,23.2,0,51,0,23,35,39,13,0
CVC,Yumbo - ACOPI,3.49625,-76.506972,"(3.49625, -76.506972)",VALLE DEL CAUCA,YUMBO,Fija,PM10,ugm3,1,79.9,0,24,0,64.5,253.6,570.4,3.2,0
CVC,Yumbo - ACOPI,3.49625,-76.506972,"(3.49625, -76.506972)",VALLE DEL CAUCA,YUMBO,Fija,PM10,ugm3,24,79.7,19,25,21.11,72.5,182.2,190,22,19
CVC,Yumbo - ACOPI,3.49625,-76.506972,"(3.49625, -76.506972)",VALLE DEL CAUCA,YUMBO,Fija,PM2.5,ugm3,1,24,0,24,0,22.2,53.8,125.6,0.5,0
CVC,Yumbo - ACOPI,3.49625,-76.506972,"(3.49625, -76.506972)",VALLE DEL CAUCA,YUMBO,Fija,PM2.5,ugm3,24,23.9,0,25,0,25,33.4,36,11,0
CVS,CVS,8.75661,-75.886036,"(8.75661, -75.886036)",CÓRDOBA,MONTERÍA,Indicativa,PM10,ugm3,24,37.1,0,7,0,33,56.1,58,30,0
CVS,Terminal,8.749223,-75.867824,"(8.749223, -75.867824)",CÓRDOBA,MONTERÍA,Indicativa,PM10,ugm3,24,45,0,10,0,44.5,56.8,57,34,0
CVS,UNISINU,8.767719,-75.885472,"(8.767719, -75.885472)",CÓRDOBA,MONTERÍA,Indicativa,PM10,ugm3,24,27.1,0,10,0,28,35.6,36,15,0
CVS,UPB,8.804631,-75.850537,"(8.804631, -75.850537)",CÓRDOBA,MONTERÍA,Indicativa,PM10,ugm3,24,22.3,0,10,0,21,36.8,37,14,0
DAGMA,Base Aérea,3.457128,-76.502303,"(3.457128, -76.502303)",VALLE DEL CAUCA,CALI,Fija,O3,ugm3,1,30.1,58,19,3.48,11,131.3,181.9,0.8,28
DAGMA,Base Aérea,3.457128,-76.502303,"(3.457128, -76.502303)",VALLE DEL CAUCA,CALI,Fija,O3,ugm3,8,30.2,91,19,5.49,18.4,90.7,108.7,1.5,25
DAGMA,Base Aérea,3.457128,-76.502303,"(3.457128, -76.502303)",VALLE DEL CAUCA,CALI,Fija,PM2.5,ugm3,1,19.5,0,21,0,17,53,158,1,0
DAGMA,Base Aérea,3.457128,-76.502303,"(3.457128, -76.502303)",VALLE DEL CAUCA,CALI,Fija,PM2.5,ugm3,24,19.2,0,21,0,17,35,40,6,0
DAGMA,Base Aérea,3.457128,-76.502303,"(3.457128, -76.502303)",VALLE DEL CAUCA,CALI,Fija,SO2,ugm3,1,5.6,0,17,0,3.7,23.4,56.6,0,0
DAGMA,Base Aérea,3.457128,-76.502303,"(3.457128, -76.502303)",VALLE DEL CAUCA,CALI,Fija,SO2,ugm3,3,5.8,0,16,0,4.1,20.6,34.1,0,0
DAGMA,Base Aérea,3.457128,-76.502303,"(3.457128, -76.502303)",VALLE DEL CAUCA,CALI,Fija,SO2,ugm3,24,5.9,0,14,0,5.5,9.6,11.5,2.5,0
DAGMA,Cañaveralejo,3.415389,-76.549347,"(3.415389, -76.549347)",VALLE DEL CAUCA,CALI,Fija,PM10,ugm3,1,39.2,0,99,0,37,87.8,201.6,0.4,0
DAGMA,Cañaveralejo,3.415389,-76.549347,"(3.415389, -76.549347)",VALLE DEL CAUCA,CALI,Fija,PM10,ugm3,24,39.1,0,100,0,39,58,73,16,0
DAGMA,Cañaveralejo,3.415389,-76.549347,"(3.415389, -76.549347)",VALLE DEL CAUCA,CALI,Fija,SO2,ugm3,1,4.7,0,8,0,2.7,17.9,86.8,1.1,0
DAGMA,Cañaveralejo,3.415389,-76.549347,"(3.415389, -76.549347)",VALLE DEL CAUCA,CALI,Fija,SO2,ugm3,3,4.6,0,8,0,2.8,16.3,42.7,1.2,0
DAGMA,Cañaveralejo,3.415389,-76.549347,"(3.415389, -76.549347)",VALLE DEL CAUCA,CALI,Fija,SO2,ugm3,24,4.7,0,8,0,4.4,9.1,10,2.9,0
DAGMA,Compartir,3.428389,-76.4667,"(3.428389, -76.4667)",VALLE DEL CAUCA,CALI,Fija,O3,ugm3,1,38.3,88,46,2.17,24,121.5,165.5,1.4,47
DAGMA,Compartir,3.428389,-76.4667,"(3.428389, -76.4667)",VALLE DEL CAUCA,CALI,Fija,O3,ugm3,8,38.3,252,46,6.26,30.6,94.2,120.4,3.6,69
DAGMA,Compartir,3.428389,-76.4667,"(3.428389, -76.4667)",VALLE DEL CAUCA,CALI,Fija,PM10,ugm3,1,58.1,0,36,0,55,118,187,6,0
DAGMA,Compartir,3.428389,-76.4667,"(3.428389, -76.4667)",VALLE DEL CAUCA,CALI,Fija,PM10,ugm3,24,58,0,35,0,58,85.4,99,25,0
DAGMA,Compartir,3.428389,-76.4667,"(3.428389, -76.4667)",VALLE DEL CAUCA,CALI,Fija,PM2.5,ugm3,1,17.9,0,52,0,17,43,121,1,0
DAGMA,Compartir,3.428389,-76.4667,"(3.428389, -76.4667)",VALLE DEL CAUCA,CALI,Fija,PM2.5,ugm3,24,18,0,51,0,18,30,34,8,0
DAGMA,ERA-Obrero,3.450419,-76.522267,"(3.450419, -76.522267)",VALLE DEL CAUCA,CALI,Fija,PM10,ugm3,1,46.9,0,60,0,43.6,112.4,203.5,0.1,0
DAGMA,ERA-Obrero,3.450419,-76.522267,"(3.450419, -76.522267)",VALLE DEL CAUCA,CALI,Fija,PM10,ugm3,24,46.8,0,60,0,47,68,76,18,0
DAGMA,Estación Transitoria-EDB Navarro,3.417203,-76.494736,"(3.417203, -76.494736)",VALLE DEL CAUCA,CALI,Fija,PM10,ugm3,1,50.5,0,39,0,47,109.1,186,1,0
DAGMA,Estación Transitoria-EDB Navarro,3.417203,-76.494736,"(3.417203, -76.494736)",VALLE DEL CAUCA,CALI,Fija,PM10,ugm3,24,50.7,0,37,0,50.5,79.3,87,20,0
DAGMA,Estación Transitoria-EDB Navarro,3.417203,-76.494736,"(3.417203, -76.494736)",VALLE DEL CAUCA,CALI,Fija,PM2.5,ugm3,24,23.1,0,1,0,23,37.8,49,11,0
DAGMA,La Ermita,3.455469,-76.530992,"(3.455469, -76.530992)",VALLE DEL CAUCA,CALI,Fija,PM10,ugm3,1,46.9,0,81,0,43.4,107.8,174.8,0.4,0
DAGMA,La Ermita,3.455469,-76.530992,"(3.455469, -76.530992)",VALLE DEL CAUCA,CALI,Fija,PM10,ugm3,24,47,0,81,0,47,66,74,20,0
DAGMA,La Ermita,3.455469,-76.530992,"(3.455469, -76.530992)",VALLE DEL CAUCA,CALI,Fija,SO2,ugm3,1,14.9,0,24,0,12.4,49.5,136.8,0.2,0
DAGMA,La Ermita,3.455469,-76.530992,"(3.455469, -76.530992)",VALLE DEL CAUCA,CALI,Fija,SO2,ugm3,3,14.9,0,24,0,13.4,43.5,89.2,0.4,0
DAGMA,La Ermita,3.455469,-76.530992,"(3.455469, -76.530992)",VALLE DEL CAUCA,CALI,Fija,SO2,ugm3,24,15,0,24,0,16.1,28.1,34.6,3.4,0
DAGMA,La Flora,3.490514,-76.521225,"(3.490514, -76.521225)",VALLE DEL CAUCA,CALI,Fija,PM10,ugm3,1,41.7,0,80,0,38,101.2,226,0.1,0
DAGMA,La Flora,3.490514,-76.521225,"(3.490514, -76.521225)",VALLE DEL CAUCA,CALI,Fija,PM10,ugm3,24,41.9,0,79,0,42,62.4,74,13,0
DAGMA,Pance,3.305339,-76.532581,"(3.305339, -76.532581)",VALLE DEL CAUCA,CALI,Fija,O3,ugm3,1,51.2,610,78,8.97,32.6,151.5,207.4,1.2,191
DAGMA,Pance,3.305339,-76.532581,"(3.305339, -76.532581)",VALLE DEL CAUCA,CALI,Fija,O3,ugm3,8,51.2,1509,77,22.24,42.6,121.2,145.7,3.6,243
DAGMA,Pance,3.305339,-76.532581,"(3.305339, -76.532581)",VALLE DEL CAUCA,CALI,Fija,PM10,ugm3,1,34.6,0,90,0,32,80.5,163,1,0
DAGMA,Pance,3.305339,-76.532581,"(3.305339, -76.532581)",VALLE DEL CAUCA,CALI,Fija,PM10,ugm3,24,34.5,0,88,0,34,63.6,83,6,0
DAGMA,Universidad del Valle,3.377911,-76.533811,"(3.377911, -76.533811)",VALLE DEL CAUCA,CALI,Fija,NO2,ugm3,1,18.1,0,80,0,16.1,46.7,85.9,0,0
DAGMA,Universidad del Valle,3.377911,-76.533811,"(3.377911, -76.533811)",VALLE DEL CAUCA,CALI,Fija,NO2,ugm3,24,18.3,0,75,0,18.4,28.2,33.5,7.8,0
DAGMA,Universidad del Valle,3.377911,-76.533811,"(3.377911, -76.533811)",VALLE DEL CAUCA,CALI,Fija,O3,ugm3,1,42.7,532,78,7.8,24,154.6,218.8,0.1,200
DAGMA,Universidad del Valle,3.377911,-76.533811,"(3.377911, -76.533811)",VALLE DEL CAUCA,CALI,Fija,O3,ugm3,8,42.4,1024,77,15.16,31.4,113.7,145.7,0.5,207
DAGMA,Universidad del Valle,3.377911,-76.533811,"(3.377911, -76.533811)",VALLE DEL CAUCA,CALI,Fija,PM2.5,ugm3,1,17.7,0,84,0,17,41,76,1,0
DAGMA,Universidad del Valle,3.377911,-76.533811,"(3.377911, -76.533811)",VALLE DEL CAUCA,CALI,Fija,PM2.5,ugm3,24,17.8,0,79,0,17,31,39,6,0
EPA Cartagena,Base Naval,10.413333,-75.549825,"(10.413333, -75.549825)",Bolívar,Cartagena de Indias,Fija,O3,ugm3,1,43,8,89,0.1,41.9,81.8,201.9,0,5
EPA Cartagena,Base Naval,10.413333,-75.549825,"(10.413333, -75.549825)",Bolívar,Cartagena de Indias,Fija,O3,ugm3,8,43,43,89,0.55,42.1,73.4,102.9,3.2,10
EPA Cartagena,Base Naval,10.413333,-75.549825,"(10.413333, -75.549825)",Bolívar,Cartagena de Indias,Fija,PM2.5,ugm3,1,30.5,0,48,0,27.1,85.7,135.3,0.1,0
EPA Cartagena,Base Naval,10.413333,-75.549825,"(10.413333, -75.549825)",Bolívar,Cartagena de Indias,Fija,PM2.5,ugm3,24,30.9,22,50,12.09,30.5,64.1,86,7,22
EPA Cartagena,Bocana,10.452917,-75.50775,"(10.452917, -75.50775)",Bolívar,Cartagena de Indias,Fija,PM10,ugm3,24,43.2,6,58,5.71,37,170.8,173,5,6
EPA Cartagena,CARDIQUE,10.391717,-75.525014,"(10.391717, -75.525014)",Bolívar,Cartagena de Indias,Fija,PM2.5,ugm3,24,21.9,0,57,0,22,33,34,10,0
EPA Cartagena,EPA Cartagena,10.413876,-75.540082,"(10.413876, -75.540082)",Bolívar,Cartagena de Indias,Fija,O3,ugm3,1,25.1,0,4,0,25.2,49.9,76.5,0.6,0
EPA Cartagena,EPA Cartagena,10.413876,-75.540082,"(10.413876, -75.540082)",Bolívar,Cartagena de Indias,Fija,O3,ugm3,8,25.2,0,4,0,25.8,41.8,54.6,8.6,0
EPA Cartagena,Policía Virgen y Turística,10.405539,-75.485317,"(10.405539, -75.485317)",Bolívar,Cartagena de Indias,Fija,PM10,ugm3,24,38.5,0,18,0,36,63.4,64,22,0
SDA,Carvajal - Sevillana,4.595617,-74.148583,"(4.595617, -74.148583)",CUNDINAMARCA,"BOGOTÁ, D.C.",Fija,CO,mgm3,1,1.4,0,96,0,1.4,3.2,7.1,0.1,0
SDA,Carvajal - Sevillana,4.595617,-74.148583,"(4.595617, -74.148583)",CUNDINAMARCA,"BOGOTÁ, D.C.",Fija,CO,mgm3,8,1.4,0,96,0,1.4,2.4,3.3,0.2,0
SDA,Carvajal - Sevillana,4.595617,-74.148583,"(4.595617, -74.148583)",CUNDINAMARCA,"BOGOTÁ, D.C.",Fija,NO,ugm3,1,81.8,0,95,0,73.1,215,507.1,0.2,0
SDA,Carvajal - Sevillana,4.595617,-74.148583,"(4.595617, -74.148583)",CUNDINAMARCA,"BOGOTÁ, D.C.",Fija,NO2,ugm3,1,52.7,0,94,0,51.3,86.5,161.7,5.3,0
SDA,Carvajal - Sevillana,4.595617,-74.148583,"(4.595617, -74.148583)",CUNDINAMARCA,"BOGOTÁ, D.C.",Fija,NO2,ugm3,24,52.7,0,95,0,52,72.3,82,22.5,0
SDA,Carvajal - Sevillana,4.595617,-74.148583,"(4.595617, -74.148583)",CUNDINAMARCA,"BOGOTÁ, D.C.",Fija,O3,ugm3,1,15.4,0,93,0,11.2,53,110.3,0.2,0
SDA,Carvajal - Sevillana,4.595617,-74.148583,"(4.595617, -74.148583)",CUNDINAMARCA,"BOGOTÁ, D.C.",Fija,O3,ugm3,8,15.3,0,94,0,12.8,44.8,80.2,0.6,0
SDA,Carvajal - Sevillana,4.595617,-74.148583,"(4.595617, -74.148583)",CUNDINAMARCA,"BOGOTÁ, D.C.",Fija,PM10,ugm3,1,86.5,0,97,0,81,190,448,7,0
SDA,Carvajal - Sevillana,4.595617,-74.148583,"(4.595617, -74.148583)",CUNDINAMARCA,"BOGOTÁ, D.C.",Fija,PM10,ugm3,24,86.5,103,97,29.01,86,139.8,162,35,103
SDA,Carvajal - Sevillana,4.595617,-74.148583,"(4.595617, -74.148583)",CUNDINAMARCA,"BOGOTÁ, D.C.",Fija,PM2.5,ugm3,1,30.8,0,94,0,30,63,150,1,0
SDA,Carvajal - Sevillana,4.595617,-74.148583,"(4.595617, -74.148583)",CUNDINAMARCA,"BOGOTÁ, D.C.",Fija,PM2.5,ugm3,24,30.8,7,93,2.05,30,50.2,64,12,7
SDA,Carvajal - Sevillana,4.595617,-74.148583,"(4.595617, -74.148583)",CUNDINAMARCA,"BOGOTÁ, D.C.",Fija,PST,ugm3,1,97.5,0,76,0,102,243.6,614,10,0
SDA,Carvajal - Sevillana,4.595617,-74.148583,"(4.595617, -74.148583)",CUNDINAMARCA,"BOGOTÁ, D.C.",Fija,PST,ugm3,24,104.4,0,75,0,109,173.7,225,41,0
SDA,Carvajal - Sevillana,4.595617,-74.148583,"(4.595617, -74.148583)",CUNDINAMARCA,"BOGOTÁ, D.C.",Fija,SO2,ugm3,1,11.3,0,68,0,9.2,35.4,575.1,0.3,0
SDA,Carvajal - Sevillana,4.595617,-74.148583,"(4.595617, -74.148583)",CUNDINAMARCA,"BOGOTÁ, D.C.",Fija,SO2,ugm3,3,11.3,0,67,0,9.4,32.6,262,0.3,0
SDA,Carvajal - Sevillana,4.595617,-74.148583,"(4.595617, -74.148583)",CUNDINAMARCA,"BOGOTÁ, D.C.",Fija,SO2,ugm3,24,11.4,0,67,0,10.5,24.1,48.3,2.2,0
SDA,Centro de Alto Rendimiento,4.658467,-74.083967,"(4.658467, -74.083967)",CUNDINAMARCA,"BOGOTÁ, D.C.",Fija,CO,mgm3,1,0.8,0,86,0,0.6,2.4,6.1,0.1,0
SDA,Centro de Alto Rendimiento,4.658467,-74.083967,"(4.658467, -74.083967)",CUNDINAMARCA,"BOGOTÁ, D.C.",Fija,CO,mgm3,8,0.8,0,86,0,0.6,1.9,3.8,0.1,0
SDA,Centro de Alto Rendimiento,4.658467,-74.083967,"(4.658467, -74.083967)",CUNDINAMARCA,"BOGOTÁ, D.C.",Fija,NO,ugm3,1,27.2,0,85,0,8.1,168.2,403.5,0.1,0
SDA,Centro de Alto Rendimiento,4.658467,-74.083967,"(4.658467, -74.083967)",CUNDINAMARCA,"BOGOTÁ, D.C.",Fija,NO2,ugm3,1,32.5,0,87,0,29.3,85.2,157.6,0.2,0
SDA,Centro de Alto Rendimiento,4.658467,-74.083967,"(4.658467, -74.083967)",CUNDINAMARCA,"BOGOTÁ, D.C.",Fija,NO2,ugm3,24,32.5,0,86,0,29.6,69.8,89.5,6.9,0
SDA,Centro de Alto Rendimiento,4.658467,-74.083967,"(4.658467, -74.083967)",CUNDINAMARCA,"BOGOTÁ, D.C.",Fija,O3,ugm3,1,25.9,8,89,0.1,24.1,74.2,162.3,0.2,5
SDA,Centro de Alto Rendimiento,4.658467,-74.083967,"(4.658467, -74.083967)",CUNDINAMARCA,"BOGOTÁ, D.C.",Fija,O3,ugm3,8,25.9,48,89,0.62,24.4,65.4,119.5,0.6,12
SDA,Centro de Alto Rendimiento,4.658467,-74.083967,"(4.658467, -74.083967)",CUNDINAMARCA,"BOGOTÁ, D.C.",Fija,PM10,ugm3,1,28.3,0,96,0,20,93,177,1,0
SDA,Centro de Alto Rendimiento,4.658467,-74.083967,"(4.658467, -74.083967)",CUNDINAMARCA,"BOGOTÁ, D.C.",Fija,PM10,ugm3,24,28.1,0,97,0,24,65.9,79,7,0
SDA,Centro de Alto Rendimiento,4.658467,-74.083967,"(4.658467, -74.083967)",CUNDINAMARCA,"BOGOTÁ, D.C.",Fija,PM2.5,ugm3,1,17.4,0,90,0,13,54,133,1,0
SDA,Centro de Alto Rendimiento,4.658467,-74.083967,"(4.658467, -74.083967)",CUNDINAMARCA,"BOGOTÁ, D.C.",Fija,PM2.5,ugm3,24,17.8,1,88,0.31,15,39,52,5,1
SDA,Centro de Alto Rendimiento,4.658467,-74.083967,"(4.658467, -74.083967)",CUNDINAMARCA,"BOGOTÁ, D.C.",Fija,SO2,ugm3,1,3.5,0,89,0,2.6,12.8,34.3,0.3,0
SDA,Centro de Alto Rendimiento,4.658467,-74.083967,"(4.658467, -74.083967)",CUNDINAMARCA,"BOGOTÁ, D.C.",Fija,SO2,ugm3,3,3.5,0,87,0,2.9,11.6,25.4,0.3,0
SDA,Centro de Alto Rendimiento,4.658467,-74.083967,"(4.658467, -74.083967)",CUNDINAMARCA,"BOGOTÁ, D.C.",Fija,SO2,ugm3,24,3.5,0,89,0,3.3,8,10,0.5,0
SDA,Guaymaral,4.783733,-74.043783,"(4.783733, -74.043783)",CUNDINAMARCA,"BOGOTÁ, D.C.",Fija,NO,ugm3,1,28,0,92,0,10.8,175.6,413.3,0.1,0
SDA,Guaymaral,4.783733,-74.043783,"(4.783733, -74.043783)",CUNDINAMARCA,"BOGOTÁ, D.C.",Fija,NO2,ugm3,1,24.4,0,93,0,22.9,54.1,97.8,2.4,0
SDA,Guaymaral,4.783733,-74.043783,"(4.783733, -74.043783)",CUNDINAMARCA,"BOGOTÁ, D.C.",Fija,NO2,ugm3,24,24.4,0,92,0,23.8,37.8,45,11.9,0
SDA,Guaymaral,4.783733,-74.043783,"(4.783733, -74.043783)",CUNDINAMARCA,"BOGOTÁ, D.C.",Fija,O3,ugm3,1,22.3,2,95,0.02,19.4,69.6,126.9,0.2,2
SDA,Guaymaral,4.783733,-74.043783,"(4.783733, -74.043783)",CUNDINAMARCA,"BOGOTÁ, D.C.",Fija,O3,ugm3,8,22.3,20,96,0.24,20,60,94.5,0.6,6
SDA,Guaymaral,4.783733,-74.043783,"(4.783733, -74.043783)",CUNDINAMARCA,"BOGOTÁ, D.C.",Fija,PM10,ugm3,1,30.9,0,98,0,26,82,382,2,0
SDA,Guaymaral,4.783733,-74.043783,"(4.783733, -74.043783)",CUNDINAMARCA,"BOGOTÁ, D.C.",Fija,PM10,ugm3,24,30.9,0,97,0,29,56,72,10,0
SDA,Guaymaral,4.783733,-74.043783,"(4.783733, -74.043783)",CUNDINAMARCA,"BOGOTÁ, D.C.",Fija,PM2.5,ugm3,1,14,0,93,0,11,43,238,1,0
SDA,Guaymaral,4.783733,-74.043783,"(4.783733, -74.043783)",CUNDINAMARCA,"BOGOTÁ, D.C.",Fija,PM2.5,ugm3,24,14,0,93,0,13,30.2,35,4,0
SDA,Kennedy,4.62505,-74.161333,"(4.62505, -74.161333)",CUNDINAMARCA,"BOGOTÁ, D.C.",Fija,CO,mgm3,1,0.8,0,77,0,0.7,2.1,4,0.1,0
SDA,Kennedy,4.62505,-74.161333,"(4.62505, -74.161333)",CUNDINAMARCA,"BOGOTÁ, D.C.",Fija,CO,mgm3,8,0.8,0,77,0,0.8,1.5,2.2,0.1,0
SDA,Kennedy,4.62505,-74.161333,"(4.62505, -74.161333)",CUNDINAMARCA,"BOGOTÁ, D.C.",Fija,NO,ugm3,1,35.1,0,60,0,28.5,126.8,296.6,0.5,0
SDA,Kennedy,4.62505,-74.161333,"(4.62505, -74.161333)",CUNDINAMARCA,"BOGOTÁ, D.C.",Fija,NO2,ugm3,1,25.5,0,60,0,23.8,52.7,101.7,0.4,0
SDA,Kennedy,4.62505,-74.161333,"(4.62505, -74.161333)",CUNDINAMARCA,"BOGOTÁ, D.C.",Fija,NO2,ugm3,24,25.4,0,58,0,24.9,38.5,45.3,8.8,0
SDA,Kennedy,4.62505,-74.161333,"(4.62505, -74.161333)",CUNDINAMARCA,"BOGOTÁ, D.C.",Fija,O3,ugm3,1,22.2,7,86,0.09,16.9,72.4,155.4,0.2,5
SDA,Kennedy,4.62505,-74.161333,"(4.62505, -74.161333)",CUNDINAMARCA,"BOGOTÁ, D.C.",Fija,O3,ugm3,8,22.1,42,86,0.56,18.9,63.5,114.5,1.2,8
SDA,Kennedy,4.62505,-74.161333,"(4.62505, -74.161333)",CUNDINAMARCA,"BOGOTÁ, D.C.",Fija,PM10,ugm3,1,66.3,0,99,0,58,158,335,12,0
SDA,Kennedy,4.62505,-74.161333,"(4.62505, -74.161333)",CUNDINAMARCA,"BOGOTÁ, D.C.",Fija,PM10,ugm3,24,66.2,29,99,8.01,63,118.3,152,29,29
SDA,Kennedy,4.62505,-74.161333,"(4.62505, -74.161333)",CUNDINAMARCA,"BOGOTÁ, D.C.",Fija,PM2.5,ugm3,1,27.1,0,98,0,24,69,135,1,0
SDA,Kennedy,4.62505,-74.161333,"(4.62505, -74.161333)",CUNDINAMARCA,"BOGOTÁ, D.C.",Fija,PM2.5,ugm3,24,27.1,6,98,1.67,25,49.8,66,11,6
SDA,Kennedy,4.62505,-74.161333,"(4.62505, -74.161333)",CUNDINAMARCA,"BOGOTÁ, D.C.",Fija,SO2,ugm3,1,5.5,0,86,0,3.9,23.6,146.9,0.3,0
SDA,Kennedy,4.62505,-74.161333,"(4.62505, -74.161333)",CUNDINAMARCA,"BOGOTÁ, D.C.",Fija,SO2,ugm3,3,5.5,0,84,0,4,22.2,81.7,0.3,0
SDA,Kennedy,4.62505,-74.161333,"(4.62505, -74.161333)",CUNDINAMARCA,"BOGOTÁ, D.C.",Fija,SO2,ugm3,24,5.4,0,84,0,4.7,14.2,24.2,0.4,0
SDA,Las Ferias,4.6907,-74.082483,"(4.6907, -74.082483)",CUNDINAMARCA,"BOGOTÁ, D.C.",Fija,CO,mgm3,1,0.7,0,64,0,0.6,1.8,6.2,0.1,0
SDA,Las Ferias,4.6907,-74.082483,"(4.6907, -74.082483)",CUNDINAMARCA,"BOGOTÁ, D.C.",Fija,CO,mgm3,8,0.7,0,64,0,0.6,1.4,4,0.1,0
SDA,Las Ferias,4.6907,-74.082483,"(4.6907, -74.082483)",CUNDINAMARCA,"BOGOTÁ, D.C.",Fija,NO,ugm3,1,18.6,0,87,0,10.9,94.1,319,0.1,0
SDA,Las Ferias,4.6907,-74.082483,"(4.6907, -74.082483)",CUNDINAMARCA,"BOGOTÁ, D.C.",Fija,NO2,ugm3,1,41.4,0,87,0,37.6,94.4,173.6,2.4,0
SDA,Las Ferias,4.6907,-74.082483,"(4.6907, -74.082483)",CUNDINAMARCA,"BOGOTÁ, D.C.",Fija,NO2,ugm3,24,41.3,0,86,0,38.7,74.3,85.6,10.8,0
SDA,Las Ferias,4.6907,-74.082483,"(4.6907, -74.082483)",CUNDINAMARCA,"BOGOTÁ, D.C.",Fija,O3,ugm3,1,32.8,2,94,0.02,30.8,74.2,129.3,0.6,1
SDA,Las Ferias,4.6907,-74.082483,"(4.6907, -74.082483)",CUNDINAMARCA,"BOGOTÁ, D.C.",Fija,O3,ugm3,8,32.9,19,94,0.23,31.9,66,93.6,2.6,4
SDA,Las Ferias,4.6907,-74.082483,"(4.6907, -74.082483)",CUNDINAMARCA,"BOGOTÁ, D.C.",Fija,PM10,ugm3,1,34.8,0,92,0,28,97.4,171,1,0
SDA,Las Ferias,4.6907,-74.082483,"(4.6907, -74.082483)",CUNDINAMARCA,"BOGOTÁ, D.C.",Fija,PM10,ugm3,24,34.8,0,91,0,31,72.1,83,10,0
SDA,Las Ferias,4.6907,-74.082483,"(4.6907, -74.082483)",CUNDINAMARCA,"BOGOTÁ, D.C.",Fija,PM2.5,ugm3,1,17.1,0,74,0,14,52,97,1,0
SDA,Las Ferias,4.6907,-74.082483,"(4.6907, -74.082483)",CUNDINAMARCA,"BOGOTÁ, D.C.",Fija,PM2.5,ugm3,24,17.6,0,70,0,15,39,43,6,0
SDA,Las Ferias,4.6907,-74.082483,"(4.6907, -74.082483)",CUNDINAMARCA,"BOGOTÁ, D.C.",Fija,SO2,ugm3,1,3.4,0,53,0,2.9,11.8,33.8,0.3,0
SDA,Las Ferias,4.6907,-74.082483,"(4.6907, -74.082483)",CUNDINAMARCA,"BOGOTÁ, D.C.",Fija,SO2,ugm3,3,3.4,0,52,0,2.9,11.3,23.8,0.3,0
SDA,Las Ferias,4.6907,-74.082483,"(4.6907, -74.082483)",CUNDINAMARCA,"BOGOTÁ, D.C.",Fija,SO2,ugm3,24,3.4,0,52,0,3.1,7.4,11.4,0.5,0
SDA,MinAmbiente,4.62555,-74.066867,"(4.62555, -74.066867)",CUNDINAMARCA,"BOGOTÁ, D.C.",Fija,O3,ugm3,1,22.4,0,59,0,22,54.3,87.5,0.2,0
SDA,MinAmbiente,4.62555,-74.066867,"(4.62555, -74.066867)",CUNDINAMARCA,"BOGOTÁ, D.C.",Fija,O3,ugm3,8,22.4,0,59,0,21.6,48.2,71.5,0.4,0
SDA,MinAmbiente,4.62555,-74.066867,"(4.62555, -74.066867)",CUNDINAMARCA,"BOGOTÁ, D.C.",Fija,PM10,ugm3,1,33.7,0,100,0,26,99,333,4,0
SDA,MinAmbiente,4.62555,-74.066867,"(4.62555, -74.066867)",CUNDINAMARCA,"BOGOTÁ, D.C.",Fija,PM10,ugm3,24,33.7,0,100,0,29,72.7,90,13,0
SDA,MinAmbiente,4.62555,-74.066867,"(4.62555, -74.066867)",CUNDINAMARCA,"BOGOTÁ, D.C.",Fija,PM2.5,ugm3,1,14.7,0,98,0,10,50,311,1,0
SDA,MinAmbiente,4.62555,-74.066867,"(4.62555, -74.066867)",CUNDINAMARCA,"BOGOTÁ, D.C.",Fija,PM2.5,ugm3,24,14.7,1,99,0.28,12,38.8,58,4,1
SDA,Puente Aranda,4.631767,-74.117483,"(4.631767, -74.117483)",CUNDINAMARCA,"BOGOTÁ, D.C.",Fija,CO,mgm3,1,0.9,0,96,0,0.7,2.6,6.9,0.1,0
SDA,Puente Aranda,4.631767,-74.117483,"(4.631767, -74.117483)",CUNDINAMARCA,"BOGOTÁ, D.C.",Fija,CO,mgm3,8,0.9,0,96,0,0.8,1.9,3.2,0.2,0
SDA,Puente Aranda,4.631767,-74.117483,"(4.631767, -74.117483)",CUNDINAMARCA,"BOGOTÁ, D.C.",Fija,NO,ugm3,1,27.6,0,97,0,15.8,149.1,403.8,0.1,0
SDA,Puente Aranda,4.631767,-74.117483,"(4.631767, -74.117483)",CUNDINAMARCA,"BOGOTÁ, D.C.",Fija,NO2,ugm3,1,32.3,0,97,0,29,77.4,161.7,0.6,0
SDA,Puente Aranda,4.631767,-74.117483,"(4.631767, -74.117483)",CUNDINAMARCA,"BOGOTÁ, D.C.",Fija,NO2,ugm3,24,32.4,0,97,0,30.5,60.3,69.7,9.1,0
SDA,Puente Aranda,4.631767,-74.117483,"(4.631767, -74.117483)",CUNDINAMARCA,"BOGOTÁ, D.C.",Fija,O3,ugm3,1,17.3,1,92,0.01,13.7,58.7,126.3,0.4,1
SDA,Puente Aranda,4.631767,-74.117483,"(4.631767, -74.117483)",CUNDINAMARCA,"BOGOTÁ, D.C.",Fija,O3,ugm3,8,17.3,10,92,0.12,14.7,51.5,90.3,1.2,4
SDA,Puente Aranda,4.631767,-74.117483,"(4.631767, -74.117483)",CUNDINAMARCA,"BOGOTÁ, D.C.",Fija,PM10,ugm3,1,52.2,0,95,0,44,143,267,4,0
SDA,Puente Aranda,4.631767,-74.117483,"(4.631767, -74.117483)",CUNDINAMARCA,"BOGOTÁ, D.C.",Fija,PM10,ugm3,24,52.4,4,95,1.16,49,98,103,14,4
SDA,Puente Aranda,4.631767,-74.117483,"(4.631767, -74.117483)",CUNDINAMARCA,"BOGOTÁ, D.C.",Fija,SO2,ugm3,1,3.2,0,98,0,2.4,12.3,41.4,0.3,0
SDA,Puente Aranda,4.631767,-74.117483,"(4.631767, -74.117483)",CUNDINAMARCA,"BOGOTÁ, D.C.",Fija,SO2,ugm3,3,3.2,0,97,0,2.5,11.8,34.4,0.3,0
SDA,Puente Aranda,4.631767,-74.117483,"(4.631767, -74.117483)",CUNDINAMARCA,"BOGOTÁ, D.C.",Fija,SO2,ugm3,24,3.3,0,98,0,2.8,7.8,12.6,0.5,0
SDA,San Cristóbal,4.57265,-74.0838,"(4.57265, -74.0838)",CUNDINAMARCA,"BOGOTÁ, D.C.",Fija,CO,mgm3,1,0.6,0,95,0,0.5,1.5,3.7,0.1,0
SDA,San Cristóbal,4.57265,-74.0838,"(4.57265, -74.0838)",CUNDINAMARCA,"BOGOTÁ, D.C.",Fija,CO,mgm3,8,0.6,0,94,0,0.5,1.2,2.8,0.1,0
SDA,San Cristóbal,4.57265,-74.0838,"(4.57265, -74.0838)",CUNDINAMARCA,"BOGOTÁ, D.C.",Fija,O3,ugm3,1,30.3,1,94,0.01,28.4,74.6,136.9,0.2,1
SDA,San Cristóbal,4.57265,-74.0838,"(4.57265, -74.0838)",CUNDINAMARCA,"BOGOTÁ, D.C.",Fija,O3,ugm3,8,30.3,21,94,0.25,28.3,67.8,92.2,2.3,6
SDA,San Cristóbal,4.57265,-74.0838,"(4.57265, -74.0838)",CUNDINAMARCA,"BOGOTÁ, D.C.",Fija,PM10,ugm3,1,25.6,0,97,0,18,98,405,1,0
SDA,San Cristóbal,4.57265,-74.0838,"(4.57265, -74.0838)",CUNDINAMARCA,"BOGOTÁ, D.C.",Fija,PM10,ugm3,24,25.5,0,96,0,20,80,98,7,0
SDA,San Cristóbal,4.57265,-74.0838,"(4.57265, -74.0838)",CUNDINAMARCA,"BOGOTÁ, D.C.",Fija,PM2.5,ugm3,1,9,0,89,0,7,29,73,1,0
SDA,San Cristóbal,4.57265,-74.0838,"(4.57265, -74.0838)",CUNDINAMARCA,"BOGOTÁ, D.C.",Fija,PM2.5,ugm3,24,8.9,0,90,0,7,22.5,32,2,0
SDA,San Cristóbal,4.57265,-74.0838,"(4.57265, -74.0838)",CUNDINAMARCA,"BOGOTÁ, D.C.",Fija,SO2,ugm3,1,1.2,0,88,0,1,3.9,38.2,0.3,0
SDA,San Cristóbal,4.57265,-74.0838,"(4.57265, -74.0838)",CUNDINAMARCA,"BOGOTÁ, D.C.",Fija,SO2,ugm3,3,1.2,0,85,0,1,3.7,31.2,0.3,0
SDA,San Cristóbal,4.57265,-74.0838,"(4.57265, -74.0838)",CUNDINAMARCA,"BOGOTÁ, D.C.",Fija,SO2,ugm3,24,1.2,0,85,0,1.1,2.6,8.2,0.3,0
SDA,Suba,4.76135,-74.093483,"(4.76135, -74.093483)",CUNDINAMARCA,"BOGOTÁ, D.C.",Fija,NO,ugm3,1,7.8,0,30,0,3.6,46.4,155.5,0,0
SDA,Suba,4.76135,-74.093483,"(4.76135, -74.093483)",CUNDINAMARCA,"BOGOTÁ, D.C.",Fija,NO2,ugm3,1,22.3,0,30,0,20.9,50.1,87.5,1.9,0
SDA,Suba,4.76135,-74.093483,"(4.76135, -74.093483)",CUNDINAMARCA,"BOGOTÁ, D.C.",Fija,NO2,ugm3,24,22.3,0,29,0,21.9,34.1,38.6,10.6,0
SDA,Suba,4.76135,-74.093483,"(4.76135, -74.093483)",CUNDINAMARCA,"BOGOTÁ, D.C.",Fija,O3,ugm3,1,21.3,5,68,0.08,17.9,62,132,0.2,3
SDA,Suba,4.76135,-74.093483,"(4.76135, -74.093483)",CUNDINAMARCA,"BOGOTÁ, D.C.",Fija,O3,ugm3,8,21.3,31,68,0.52,19.1,55.4,105.4,0.6,6
SDA,Suba,4.76135,-74.093483,"(4.76135, -74.093483)",CUNDINAMARCA,"BOGOTÁ, D.C.",Fija,PM10,ugm3,1,47.5,0,90,0,43,111,380,2,0
SDA,Suba,4.76135,-74.093483,"(4.76135, -74.093483)",CUNDINAMARCA,"BOGOTÁ, D.C.",Fija,PM10,ugm3,24,47.4,0,90,0,46,73.5,86,20,0
SDA,Suba,4.76135,-74.093483,"(4.76135, -74.093483)",CUNDINAMARCA,"BOGOTÁ, D.C.",Fija,PM2.5,ugm3,1,21.7,0,92,0,19,56,105,1,0
SDA,Suba,4.76135,-74.093483,"(4.76135, -74.093483)",CUNDINAMARCA,"BOGOTÁ, D.C.",Fija,PM2.5,ugm3,24,21.7,0,90,0,20,43,50,8,0
SDA,Suba,4.76135,-74.093483,"(4.76135, -74.093483)",CUNDINAMARCA,"BOGOTÁ, D.C.",Fija,SO2,ugm3,1,8.3,0,72,0,3.5,48.4,136.5,0.2,0
SDA,Suba,4.76135,-74.093483,"(4.76135, -74.093483)",CUNDINAMARCA,"BOGOTÁ, D.C.",Fija,SO2,ugm3,3,8.4,0,70,0,4,43.9,96.5,0.3,0
SDA,Suba,4.76135,-74.093483,"(4.76135, -74.093483)",CUNDINAMARCA,"BOGOTÁ, D.C.",Fija,SO2,ugm3,24,8.3,0,70,0,6.9,22.9,39.3,1.5,0
SDA,Tunal,4.576283,-74.130967,"(4.576283, -74.130967)",CUNDINAMARCA,"BOGOTÁ, D.C.",Fija,CO,mgm3,1,0.8,0,96,0,0.6,2.2,4.6,0.1,0
SDA,Tunal,4.576283,-74.130967,"(4.576283, -74.130967)",CUNDINAMARCA,"BOGOTÁ, D.C.",Fija,CO,mgm3,8,0.8,0,96,0,0.7,1.7,2.3,0.1,0
SDA,Tunal,4.576283,-74.130967,"(4.576283, -74.130967)",CUNDINAMARCA,"BOGOTÁ, D.C.",Fija,NO,ugm3,1,19.6,0,94,0,10.2,122.4,351.4,0.1,0
SDA,Tunal,4.576283,-74.130967,"(4.576283, -74.130967)",CUNDINAMARCA,"BOGOTÁ, D.C.",Fija,NO2,ugm3,1,28.5,0,96,0,25,72.2,136.7,0.4,0
SDA,Tunal,4.576283,-74.130967,"(4.576283, -74.130967)",CUNDINAMARCA,"BOGOTÁ, D.C.",Fija,NO2,ugm3,24,28.5,0,96,0,26.4,55.8,63.7,11.4,0
SDA,Tunal,4.576283,-74.130967,"(4.576283, -74.130967)",CUNDINAMARCA,"BOGOTÁ, D.C.",Fija,O3,ugm3,1,19.8,0,98,0,18,49.6,99.3,0.2,0
SDA,Tunal,4.576283,-74.130967,"(4.576283, -74.130967)",CUNDINAMARCA,"BOGOTÁ, D.C.",Fija,O3,ugm3,8,19.8,0,98,0,18.1,44.5,66.7,1.8,0
SDA,Tunal,4.576283,-74.130967,"(4.576283, -74.130967)",CUNDINAMARCA,"BOGOTÁ, D.C.",Fija,PM10,ugm3,1,42.8,0,99,0,35,119,444,1,0
SDA,Tunal,4.576283,-74.130967,"(4.576283, -74.130967)",CUNDINAMARCA,"BOGOTÁ, D.C.",Fija,PM10,ugm3,24,42.8,2,99,0.55,39,86.8,102,14,2
SDA,Tunal,4.576283,-74.130967,"(4.576283, -74.130967)",CUNDINAMARCA,"BOGOTÁ, D.C.",Fija,PM2.5,ugm3,1,21.3,0,95,0,17,63,114,1,0
SDA,Tunal,4.576283,-74.130967,"(4.576283, -74.130967)",CUNDINAMARCA,"BOGOTÁ, D.C.",Fija,PM2.5,ugm3,24,21.2,4,98,1.11,18,47.7,53,8,4
SDA,Tunal,4.576283,-74.130967,"(4.576283, -74.130967)",CUNDINAMARCA,"BOGOTÁ, D.C.",Fija,SO2,ugm3,1,3.2,0,29,0,2.4,13.5,45.8,0.3,0
SDA,Tunal,4.576283,-74.130967,"(4.576283, -74.130967)",CUNDINAMARCA,"BOGOTÁ, D.C.",Fija,SO2,ugm3,3,3.2,0,29,0,2.5,12.6,34.9,0.3,0
SDA,Tunal,4.576283,-74.130967,"(4.576283, -74.130967)",CUNDINAMARCA,"BOGOTÁ, D.C.",Fija,SO2,ugm3,24,3.2,0,28,0,2.7,13.6,15.3,0.5,0
SDA,Usaquén,4.71035,-74.030417,"(4.71035, -74.030417)",CUNDINAMARCA,"BOGOTÁ, D.C.",Fija,CO,mgm3,1,0.5,0,75,0,0.5,1.3,2.9,0.1,0
SDA,Usaquén,4.71035,-74.030417,"(4.71035, -74.030417)",CUNDINAMARCA,"BOGOTÁ, D.C.",Fija,CO,mgm3,8,0.5,0,75,0,0.5,1.1,1.7,0.2,0
SDA,Usaquén,4.71035,-74.030417,"(4.71035, -74.030417)",CUNDINAMARCA,"BOGOTÁ, D.C.",Fija,O3,ugm3,1,46.8,33,96,0.39,45.5,99.9,176.2,0.2,17
SDA,Usaquén,4.71035,-74.030417,"(4.71035, -74.030417)",CUNDINAMARCA,"BOGOTÁ, D.C.",Fija,O3,ugm3,8,46.8,561,96,6.65,45.1,95.5,125.4,0.4,65
SDA,Usaquén,4.71035,-74.030417,"(4.71035, -74.030417)",CUNDINAMARCA,"BOGOTÁ, D.C.",Fija,PM10,ugm3,1,29.8,0,96,0,25,84,204,2,0
SDA,Usaquén,4.71035,-74.030417,"(4.71035, -74.030417)",CUNDINAMARCA,"BOGOTÁ, D.C.",Fija,PM10,ugm3,24,29.7,0,95,0,26,65.1,79,12,0
SDA,Usaquén,4.71035,-74.030417,"(4.71035, -74.030417)",CUNDINAMARCA,"BOGOTÁ, D.C.",Fija,PM2.5,ugm3,1,12.9,0,86,0,10,43,96,1,0
SDA,Usaquén,4.71035,-74.030417,"(4.71035, -74.030417)",CUNDINAMARCA,"BOGOTÁ, D.C.",Fija,PM2.5,ugm3,24,12.8,0,85,0,11,30.8,40,4,0
